image,artist,link,unique prompt,midjourney,result
,Artist,,Unique Prompt,,
https://lh3.googleusercontent.com/docs/ADP-6oFPRyaprGzg7jd1PphUtwyBcOtxaCxMl1ofD8BVyN_syt3ajIIo8BHtyrCKdskXECfHVjnEg1p31NjQtBxq4agYuc7wW2MaUnvAkQteXZdUrxqkCggyYFa5Xa4SgJ306VKSv-PM_WeMvc-hR-ymJe9teb2Z-4rNZm0PppV1IXctnWdC7KECTwHhxE3UKidx8hNp9opICf8Np7wJSG2uU6hKTuFcM0YGKv4Z8pQGMQ6C7bA8FOxApjOFKxy2oO0GS7TS5PnPlNDFjT9gZXAqzRJoRWtY-wxAnytQpXbtFIe6Td31cN-82V1oQ9eTd5xKU3doTa2YQqVQ9YhuIhO2-kUS9aMCOFGGLIUJsVuapJPtITA3hvmHRLjdOctyGcSG7vm7LRiSDfQzYVgzIZ7wgnzGK1GXr3T0CCazjORqjel-bzLkwMvzJMwDOacNEEkEds6B6FrXyg48YXcWofa4VMJ4_zpV_FSCO5Nj98atOHewpHpsSA4U6nEdr931Qhz7PgUMV612Pgb8KAtxpqUHTX3V_WLxweP_EXuTv8GOk81MvdoNC-nl4HJU9XDVbFGiSzCFiqLzLayh_VOD3SNeH_aGT5cy3VnsNCRtRGF6ZchKx4xrUyCGz5wGGnWNEaB9YCQ7G2FJ5deDWwrWB_w79WxZ5CTk6DYL08VZeFlTYVVVdKixfsQUe_HsfoAaOdZMllxNuHEkdXoi-5n2dtrii9QepEoxx_UaKk7tiyJHGusYTO73U5kVVxL_n1GOBFu0zKHyZaZh0XBTyqGiELh0QWpG7QslfbgcPMJPJfTBTz8qm7cf4l168OWAHlpNvhexW4jOOJ_x0YuNGqjq9OvN4GNIkp3WsuVsvulYwYANwVEwHmT5ZJGuDOEfniSnvkuj610nPXE_GL3dwm0JOIZ3ozeqLzchxLe8lNAr6H5kOTesRaxsOJOdbquxx6IoiK7zjg_-SOIhE6A6GLNVmwJgPSbKzwNo988vbhraQn0eS_q5G6Y13TZA7KvCVO968i5l4hOPmfAqXD-4gw_BW7AhZITCNNjfkFKWZwjrubEHofglVQtvnV3pymLrcV5dYQ=w120-h179,Saul Bass,https://en.wikipedia.org/wiki/Saul_Bass,"""poster by""",https://lh3.googleusercontent.com/docs/ADP-6oGNmHKy74L_QSM8pLuU63E_SrDJuzX73XE09k2APBuEfxiJq3eAsJFm3UeoFcjl9DRLYFcsTNGGHZGfcS8ZO-WuV80sjAyi-o9AlZJqtArm3j_soKHzvsTVa4DkE4qOoapVhzzemGJTcd5B7xqZPOZCaPO_0UH5b_szOc3_ppNDDmeNZN4BeI0-nrPQRpOyrQdZIkG7NKzRCsE-eG7TaVQc5ZJ2iEHg9K4ui4ztXXN2hxDi4OwQ7i441mDTUtCNDCYazyPbJ5o8-SaVpnjp9v61CKxoh6aG2na7iHrRekcFyUQ2_ZRhZ5G5uxC5X333kbQJnhGz39OweZWzfuUaVaPW7iFFzkM1T6wK5CNu3GgAc_7gB03SaXbkZSBWp3HC_f0EXeSuGK6DUGThvLVsCpjMojYL1ZUZFmUGb84zbHKlgXl0Uro_hITzeMGJQw_qRwy4qqTeH5WKdbcjXPevMwI64_Gn7vGdnLbf-qD2Fc0SGaihfB2TRAF21BVAsMs1Q3JH-mtboNeS-hKAWRIWrx3JJBljfKBCSBdJSt8tm6UJblj6_kh8G-EaKx_yQuynAwxQJNNst-eKdINGRJHYLBAu6B5u72iXUzz-Jdz4zf-c5tHdqU3BmOIkL19F9SgbTdxrY3a-XLCqZ12vO9jZxBNklAAt_orsL8nAg9hFmLgLmEoRVaPy8-H59IIdcvV_MS99go1ywqyan0AllJPFW564PpIPDk4Xa29XsI7-ypqmJq1o7_jHnyvQj4B3mAf3UYwhnsWb8ehORqbdK8fEHg5usrGkg-J6DZ5zjEpvwDj6nRQDaGwi7It61KLom2xzJaNrI3VS4A5wJ3kIrbVFZ-bJrwvkE7_KadVXGpHaq91FDrigy1hi3jgDIru66z5CqQmyZ4G35n3ZVuDMUlhlZte8yOZmP4Q3FaJg4Pwizi1jL61RYUB3O8Ew5PAarcTTRMijd8SxaOI25Pm_QLVKaYpBHrwea6MJCeLqRjXltggr535AqPDEX_LIhvHLVRXLmNiR2RyB0mzIUs65QCEvl6iaWnp9KsRhN-8obBrfMyWSPcgYP6xrh3TUsIscDw=w120-h179,https://lh3.googleusercontent.com/docs/ADP-6oF8wZopu5evyAWLrVsC2Fn_f1g-nZchTmuN_Y7DUj5ecb65AjL0zkWX9OH4cHaLm5JHVLjyZwDnVqwHe07WiQoFlqruPau0ed2TouOF1OC0krot16VE-yO_e-so4YuBcSBQ9_yM3C8Aqyt307NU1NsMYxRXvGC07iAIPNUxOPZ9L5ZXZ47QlereStUR1zQG2HRnd2D27iE4n7VBj87Kh2fkO-lNoNq2YgBQDLwSclR5TVbuFOKqKaZdZL-YefRl8tGSeZ2iPqm0-PAtYHX8HTzV-tTMjzS9YktwvAy9LOe609CFTnRpwv72VNhqACUhfv1473AAFHoMRAwcYKvxdo1yEQ9T93VNMgvf6yOxv9yPPjgyLyaMJrPfkWv92IWNdKBq1q7_fswFtQGxZ0tAJo3_r75-w6-2_ECRUX6-z4Emu-J2H4hnWtJ3aFp4T2tBMyfz4BGTySa2eWSvJ243svQrdhdz8IzwAIVIEQjcdqpcoyJ8KoXtlGQV_inthg2FH2f-F6JppuZtpkuLxXeA1ECFx97OLiA9Q7uR7_Z6yJ7WdFblgtdNHbxmsU_5z2mmH1EPFHyiIcosyVTLQWFgZU69QgQ2-UYIE2ENTELGL52G36cmT8KQqYC7M_ec2NuMahwIOqk2aWAmK5bcpARLzXQsATd5pUJBohw2PxvRh4N6_2eIuxb5aKye0G8W1RvwVKlTeNpEu6SqS0xt7TsdNrx-fKoZgmnYNhQhf1pgxFIgabkhWi339RlJU1KpGoicLEBuBvmXnNtwvBgG18gsCe7IoRXrsNiNtPLtAm2k6aFzjaMCAGevH83wvfWxcQVXRzFyDWQezzYgcz8Mn7zrolKZD1i4J4qxcJW4lh6R7eA0rtJPsX8YH2_Xi2gZ117VK_PvC1f8DIYXaP_5md_El_2LMRGRHMzmNIb-JvJQoVbdvbTjnagR1hnn2QbSa4QywWpf4RBcecCqCXE_adeKrWOA6j9bQSqzQPtn7xoQ8EZ_aHKGqeaq_CL6uGXqIAWK0xyzSSiYtFjqe8GSyIJUg5OAk6SVUKlUcuPc-y5rAy9nrJsMNWeIZeW9GvEA5w=w120-h179
https://lh3.googleusercontent.com/docs/ADP-6oFReREDdtZPcwZJZtxMsDuuMzx5_jbzAiCc-tV6LaRLbs7ix4LN0LftcsY8CYssSdbsfh2eoGB9NGeM4WG2ozhMVHokUFZTIWOt2WNathV77yieZf20MyPiNNUza2fb6OX2qbopzXrqI0q0fRtOn_wD7LZ5miMyTVq2nYLR4szaPz1AfdlHpyKyMohWLwVlLoWYSYJhcOupFM1hNbZRDznjFC5eigfAXRERl6XOjeV8GsIxFbPOciodtOebcvG3LWPGDPZPgXhCURcWOnWu9RHkmiT8YxEpThFWNO1c1-ex_BdWkB5CQY92ogqvYskDTXxnwnuiJgaSs2rf7JIFBjLrnb9kAHsVkeh-bydNUfCxzkppAe2gSWsdJY8JM1ZfcvXjiLKnuimW5l327j7fUIwbAdNeLU9IwXORxiWoIveSO2tkwmEWFKNuwWXqEAWPBGWRY_4OwdNV2cw29eUXSCPI3PgODTtpkTPCuNE7FM8assOqdBMBCtKCu0BVA9zhevQiUj_mbYAS4jlG7pWX18dPIcOnfuuDBivQlQvF99_DUzKJaimqBJLWWcHmNc1oclBh3bdclY7EzMCKHqDUIBfq-6Ufx_c3P4Evwfsb0s7th63zauLb7T6pNe2-3w9lzSKcxEK8gxIqxLVh3ngPuEV6MDDqf71yXqOjgtoEkRD9IMYueQ7PUG08l4r3yTSXwf3T1H8qYlIqyiaXUGw_hutpeIPzBeMoP5MTI72gdQGDTZaKC-Psmh_pRuAcI-gUrJswx-oICa3DUEcuWypuMtDaWA9peUKY7cfjgaQB9DcsA02dWvzdZbtrRa8TjlI1dUO8glXZBusav7K-4UEB265VNYi1knoRrDDfSAGkbQmeqey_Waf0k-RJbc6oteJNuVpfM994mVqpJZT-ncU6x8NyHDw1SQpIeEAMSuKZaZi4X_Lkbf2b6kPkRPIvU_edtBC4_exB0wjx-sDDTxIV3yxfOBH_EGq6KwnESzS6elJRdMpA7FrC-RqaumSkOsJymoG7dT93Q7qc7SR8M9mifaCYwa3zTj5hTw8mwzrjRJq4cNcGmB0cVTd47aWzow=w120-h179,Pieter Claesz,https://en.wikipedia.org/wiki/Pieter_Claesz,"""still life by""",https://lh3.googleusercontent.com/docs/ADP-6oEd0u9a0ftorfbQ_y4GhvqvJ56GPzlWW3UDMqv4UasV_LuXi9TFjjfwbBion4dR9VIo5Rl-rpoH9b_cZz8O3TJgxitygE1RHAvc50NU2vPPpPXxNITbFpjRZgOZxnykCLk35zr1Z_-wsOOhzNG1ynq6s75L9SJeD4cZnAcC6u6OctNwpDR71jzoxBmf9Md9tsT0Y6HFELeMA6pRCIYaLp6FdopJurcEKysctAhq943qeeAW-QJjtxVzC7l0Ia29MhyJpj9BAKbsTV9LOypWwqbeXdi6uvITRxL97et0maODDq_nJp0GUr4-xUvghwQWh316l1kwOAKd4Pm3DxrZyM7N4QT4g6wrotRuymgATA-sx_hOzLWzEM9_ESSg-tOby6s8gMOwK-MYxfb23ITiJ3PPYWTiC9AInIYCAFw58zGleiawwSoOZfDFNYBxFozGbEvWFSDWJ5wwy0OtK7nkcdEjdCpBpo617r_2LFTi74D-GcpRjD3FoTgDZjQZCwSYv7n9CF18r6wDCH7G4qB-r-lcOvMTsHdmq6L2il4yBDVJ5U0z0qfO8xMsJIlcqf1DsaTwkS_jqRgP4ej-D-t9IQQkbhvY4flU_7yOGZfWvZu87fNAfpPXT__qELiRCmpEBLeHkvTRv9WlqaUN6eXHn891tSgSepYZ67_3cGIpy8LMUYfjC-CN8sEiEEur87BpLbE6vrvZq21DMYPnslafgKZfqrjIdCZRK0iUoELSY8iAf9VgCmbgPRBwQuh04dTWJ2khLUkjgKI_y3uGAgjEDJoFIkxOTdUVMeqRanWFezsDT__hpMFnCvGD-Id6ppOtFw2BXlymaw5IM2guqaUf9nYqCPUljXWkFyQ5IPvt4NktNAZNoEOphyN-ycAMQ4bjh_6kPzhMHG0UlRvNXieOezgMRDIdR57bcH6vuhFhZhz_VlJ4q_RL0zcxxQXRnrfCaFfeDY5V7-ym7kfueHOlMoYDBVQX2oD-eVUpbrfY13RsmXxJgohnyAjp__C0o0d5g0koWVDG5yEXL0PKBzR6in_vd2WMjWIFKmVAqyNzVNP0bazSYK8JiWN0-dfyrQ=w120-h179,https://lh3.googleusercontent.com/docs/ADP-6oHmCN37q_ZcZbbxOEVsdRytJzJ3iJIrs1-lAzeWvI5-BBHKIoaNv9LlkKMkCQYy6wBrtGRHJalTbxR26GKu_BrvMm0Pdtd2O7vYIeAtBb22gYEMZWV_pd3KooDpc548h-148JLROH4OcqSvN0P2ci6ekEaQ4ZhPnckm4aFBak5h1L0NEKE6XHLSnA133jJGvQvyrhXSbZD7z2YFWGOw0q8u5Y5_jES2H3pFz2zoSK_rOpWEnncMTZx3XIN_6uEIxLzyg-X_IvPnjqh4LqCPf9dApO9CAyXU60Nx1F1i1lOgnCyEYg1JNNWabARlg0kg7WTV8BEAmSgyIPLz0Z9CUtWsOMKX0bNBel98Nm1oVHy1v0y1yAHZUFyxAcYMdVV9t33N_xWGIDjeXY4LFZd9mMA9gRTMun2erbF3LTuTX1enfjNe7Egm2Tro2RbSub8t9ojqDaMSzkzJ5TGx4j5NBOcRcbwVklUb2vJ2ee19wzulN-eMEiC37kI37dqlbQWL6-6Dmt-fufBRIA6iniXv7tgU3VTFX0CB2dB6B-zdwFIdZ1vb4Z_VkymYwI5kQLkWaWwpSTsbvR8fCNUPt0h4VgFHJMT24i2UofpsXIYnzv4olxyxzo-zMthkGfDFwRCg6UJQ4RloisMRG88Oi-2fTugh5TBmGYT1JZBf3ndqxLr-hwb3AE3uoMHjB32zVRrE6ZjnJZwhGGCG_qItaLIFNA-RUCo8_8x-4-tg38USnRSJEDr-kLV6bCjvt1Mu9lr8czEuWee5UNN5flS-n2BqB3d4aJWCZqAa3RxVXf7qgvpEE7Zb4PzeYY-yaecPuUf-_cCmQX4OqybYRWnxfG-hAvhyuk8hC-aeliAiAR7GZ-vLVJzCBHfe4Q6spzFKebcKmgi_RPE4N2YNMgYjo4WkQ1YzTauahjXlQzZOdDKDPC_8l5jQR6N_AfOur4iBfgj3uzhu3E210BLM4iFbDTzLBZR5PPwzGKj_GJZG9kMxwztxHC-f5SfEaE7UQnqofBByRSL_gOqobHO_RAHs6GEiGCoh2K6cmyW5FM5d0KzqZ46wJKuQvfSj5F0cWL5u-A=w120-h179
https://lh3.googleusercontent.com/docs/ADP-6oGIQb5Q1ZMnoffO6OSuPcih-RkpSC3EgqZGOs0fD0zONJSlQh96N50GfOqMsjHCiG3aWBRNjq75H2UsKLkpg0xmt-0dtXSoTX4ROu5iwUUlnnYR6F4bxMTS3O9uVwXXdt7omO8xNeS1EvC8kF87Wa0BpX_ORLtC8GFjge4gGGtNVOrWZq8xv_tBraFiCIXBgMYNFSolUGI09HPPnIIJ6Hc6l3OK9hgLJLbdG9yOW2ehIseGmXMZvSYjz4KXrkfE4TQs26nu5eDQqOnyzhEdu5rN1qVGUWds1ErW5SQ3OlwaVImJiuuOyO1WrSu5TlacjX8OdT52jylsyIJUxsB_rpkB_JWpR2CYpFMsna2rmyjftzDuypyFBiDRRc63cBB-swN4nq2WH7uX5T2i8veyJ5QoOepPc1Ck-YIk6UyROYnZKH8L_bpIxdBjjPHYlRBPQoZnaiwjB1NODTEZaGp5-_va72CPII6dBknysIuA0GjVn3gEyC2gSMLMBD-Csl4y4cRtxwmjl_HvwlND7wdGWCzaZNFd3h5VfSUn0vp9y1YsqA6jpUduxxM3KPKds9KVq0Z3lDzLHaeTOQ4Q-neRSo7gHS85fakxbjddiYYDIC1kTlOexckCyjexS27gFnfGoPuy0Za7G5qsDrtjAsrLFSUschfpYIlaM4jv2ksvmRJENvunPJ-YkTmYqunLnIXXnBUo73jDeS4iwSboisKwRUJXVabVcYiS8x1ffa9PwP3lxCV1tVf-ApgCx3hkFE09VTLAYHo5Juh6EqN81X29Cg1rvhSAGyLhD7zBeI0RFCSH6Eo-B25i3OvKNf0UGUBbbmZdyA6eKrGqkBQ-4OYR4KtFO5iX8u-eJQanV91rwJEnoa26ftw2YX6vFtRKJkLY3OWn1SL5_mlIJspVjb5Zd8OdsfuPdLWT5MmOPcahVhWGU4GVWhC2xaQAanZh_0ZcCnlAqeIFb6TROLsFm99b4pN_oQBHs_aWfHf7Af0JDAMq3b2a3b6xaWZ_XBGvIHlJcG8qqjfuvJtnheaCEhglUfJIl5jjlfE1ix7DaZVVqR4pUgZs2WL6RWIlE9PzNQ=w120-h179,M.C. Escher,https://mcescher.com/,"""staircase by""",https://lh3.googleusercontent.com/docs/ADP-6oG3Sl13VgdvwGn8x2kkZluHQzYjNK71Qye7FCVxduEMwBqD_KlbK57g9G4wxWYWbMyG_K_SzUb8SRcrT9F0UgbjcDNjdDFr9ldrT3RMgY7BZBQ19ezL8ge1vgbDwl1RwzGD8c-2mrj5PAbQlAyMIyAkZOYhXwTJ5tTRY4JU3wLEQDlfQ4kGpnDQVi6zGFM3FmCRQQ8E6FSdn6J29urQnzm-rrwQSyw6mWf48MEJHOaqUYGjbsTmx3XZYv8-TUo4ae-yOFE0YQv_NdrAGZ_Uim-tBEDNDeP_7fN-vOkPTzjvA8U1wOdgYbhuT3xJoaf4KM5OxPV17hXMfTOziLzt4ZvnM9t1W84GfHe9oasvUo7v4x3GB1AOMy5bpnoWVuv5Tik34JOK5dQyJ_mqxQTSKgjLFZMujTC1_upRq1jI31LrYKv_qk7AWIlXijZLDi9reoTvjWY617I5g8HUmeZaDubC0sgPua1uQErNXWmEzcaG_BaD0zyqceO94eJqoWY4b8g2y3-A-UvufNHV-jhMdxrt4e6Uib2YVYq8T4uv2qf2kogX-0d4Ki1CrnaNhESMIXavcG8f8cH6AIe2OdAEvyThmPciO7xDJdMv8aKQM_6BxMhJY3VM9xWvLXQNk53npYt3o7GlrPNOg1dBe2DB4ieJTeAH_tN8ieC4PO4cYJ0viMEoO9AxFFeZOlIcg4dflBLvSc5B7KcQbXS-zykVCoxBgm7EA5mXdMyGMyUb0zsCwq9MklUqOsGG9qxuBnAk-fIIl8UsFHy_8Pzi-31uX6__5iE_GQSSsW4UibmsYgB8ieo80YVe_zcNdlnyNgUtI8X7Pjn8jWeGWLheenk302U2PaBJIWxzR2cF6mw5kbCbMFjGQHgXZphKOdYVMF2gkTtFN_L4m05krj699fSJ7A4b96KYtvS5eIui3ntjH91OEOFss_lpGG1qJ93jJqn7zJYknB06MwDCLrD-dLFdlSTQXcVdTKCAq4F8DpNmtG5eoGhFxUsd1IJIAt7SFZr56d-69lJrTUofkmHdWVAn9q_SFQgNFLmwzpPgs1hzdED1RzU1GVEKIh7ymM4bng=w120-h179,https://lh3.googleusercontent.com/docs/ADP-6oFLWWIv4kHEUSrpnY1OLEaRtOx55fA9IqQJJrGri9mSu7ABmHzPNaGAI0jtqZxujVt47xvtcPxa-jQh6-1MHciXSj8yXAAo0PMQZ1StsXBpuUkyuQ7Z05CPPuvHErOHZSez8EyltcW2flehkRR-pgmnsg5Z9IzDsx9hYFqxCnJJgFIzXUJH_yWtYY8HbIeUjdP0BAkD-stnGAvGsiQ-jw_RgvcLpwghzOS9rfLjQ_v3JnKVBA0dnzNbky10i7oUf2SGkqSXpq2pCHxhcE0RqbTnzxlIVOlcMuYmkq8Ge31OQW-9frAmiFyqdeH0y8gN_NTsT7ite2_A95eKDOJQrXK2MAR2-txaqeYdvTzpUDw7UnsgqB7bwjorlLnwfvQTflsbtMzwU0nppISxk39mzrQa-qIbDF6tOUu7ucZSbbVBa1h0Zeo-YVAmqhuunWmx-LFAhzsb4Z6iAkh_zQ0DA2HL3bWALNowMhCsB6BvD04_FT59N1tW75almr3Mux42tire1xpvc3XKNhMZUq857VCQuapMknsQHtIGq9NhBpe9LEg4QhxHXlIKXC4IIhiP1im306Io5I9JE7JhN4K8to4kzQKsr2mPo8IXTfjTf4dfi0u6wDi5_y0mF3mnVUgGDa48EbJlWiehoed1nF9J3P6gYaRM41830yDQS9X2TkVospzN8zAR3dRCiHSmDV7LIgQl0JBWWsenTD7-Bw-_WUCvGp_uRsd9JCrKr2y5h3--qRGKjDAeaLGNkvgA2j3zSNRodLYWHu6hAWoZurzlmDs8Gr0AoXUqE9RMPQUPVDX0es5WtJGTwsfJHBdtS6ZjqW5Fbnv-0h-1l8nQcpagTw4ixgIxCBvPJm1YrWmvW351KH_STEzazepw-8H6ySDv3ZT0y9s9O1U_ghLP6594oDaDJ5LjChOMIehAiD6gCOOAk-PdUbmnuoZJk-LiiBVYSy3IPGMFl-fqjZpS8pFmVO024K330aSLR0NwA4Pf-lzMxhYQR4qwDLBlSMY0_KuVvcvoBMT9o5bOt6KiINM2pNaBp7P2-XJ8bN0MsCayLvPiuS3DfCQGU1DAKMz5Aw=w120-h179
https://lh3.googleusercontent.com/docs/ADP-6oGIt_ueL1pQyGT0CeWOrQFaoBuxsjMkaEmIv1A6XzM7IGnR5gz6oDbhXYfT_oI27f0Y2CCs_f326O1f3brD6tBzhFJ2GsuA5WlO5o-OV3l6qvWsVLYVKsYq01CxV6o5nTsO30ZXLeFZhRiwcGWKgz5Sv-bCMY9n_NhoT1Xz4-n7OOoGdfVl_2UNtxmorqiJ-XBDj7NUctMUvRB6UFjSD8OP89frDWQd2_Bk8Qf6D49LVIeUqp2BrrO_NEEMIo-31gTksVK_7SetmxEtQILPpYz4LPyC-PZxsVFKn2CVAx_xWwD_uGGdiIKN1Vq7oXs_1oXWzzPv-f8Vgk35Nd05NLFlmVDUEr9UWZhUDSDfUaMQHBQuvXacgrdhlHv6-kJEAsJBpbGr4AVc8tYzyZOWXnXwB8z_du2oS5iAGLsAlZ4trTnBAQPpdMVcJPe02x6Gps9oXLa1B9CtEsy6wg5jiPN184RKfnCZq-wqqYfZaSaHzc5zKdWSoDkAKeSJ2Pm25Xey_1GD00YuHrIM0zaoJTOJ2_mVWSmcyCIWhimrJ6j7BxKCW4YyZuhOxywzglp6wGMsGoevazw43SwRwax7FLDPmDXQENmRaIeQl5jQu5FTG3s8ReXqIsokEVdk2xc3CYGRlnwbASNQuxdSiVwBXq92-YlPVDIA0rrz_Yt36_zBFvYvbelvJrtavxxDmrJxm8iww-kr9KJN1wSoNIa0a3g_AhwMCOZ9QyzUmvGuZ78qatM1Sc6t419lR7fUe2dscR1ouog757XW3DseQCc69_ODN66s0AuQmeLU1AJgrrGfibb6MrbzLEHOcAxF86enevP11QhAU5AcixNElm6oUdbQxvUM2idRLhsj7W96HMnem4xvjAzrxxaGkvYO13K5HESTjMF6U-EcZ7O1h4OiGDqV7ziCAf5vNWMxUi45Yhxxjq7TfsaLYvNnAr1Yz6UUzlg1X8VrSTzAKfUq_BLd0MJ0Q4sanGvIqYGHIXXAEK8XaMfoUN7xTMQvF7J8Unrf4d121ohgY26uvd0ouBRsTt2J4PN2X0lYOL1aOx1g1o4Qre1TydIxO7cW90lKhw=w120-h179,Shepard Fairey,https://obeygiant.com/,"""poster by""",https://lh3.googleusercontent.com/docs/ADP-6oGNmHKy74L_QSM8pLuU63E_SrDJuzX73XE09k2APBuEfxiJq3eAsJFm3UeoFcjl9DRLYFcsTNGGHZGfcS8ZO-WuV80sjAyi-o9AlZJqtArm3j_soKHzvsTVa4DkE4qOoapVhzzemGJTcd5B7xqZPOZCaPO_0UH5b_szOc3_ppNDDmeNZN4BeI0-nrPQRpOyrQdZIkG7NKzRCsE-eG7TaVQc5ZJ2iEHg9K4ui4ztXXN2hxDi4OwQ7i441mDTUtCNDCYazyPbJ5o8-SaVpnjp9v61CKxoh6aG2na7iHrRekcFyUQ2_ZRhZ5G5uxC5X333kbQJnhGz39OweZWzfuUaVaPW7iFFzkM1T6wK5CNu3GgAc_7gB03SaXbkZSBWp3HC_f0EXeSuGK6DUGThvLVsCpjMojYL1ZUZFmUGb84zbHKlgXl0Uro_hITzeMGJQw_qRwy4qqTeH5WKdbcjXPevMwI64_Gn7vGdnLbf-qD2Fc0SGaihfB2TRAF21BVAsMs1Q3JH-mtboNeS-hKAWRIWrx3JJBljfKBCSBdJSt8tm6UJblj6_kh8G-EaKx_yQuynAwxQJNNst-eKdINGRJHYLBAu6B5u72iXUzz-Jdz4zf-c5tHdqU3BmOIkL19F9SgbTdxrY3a-XLCqZ12vO9jZxBNklAAt_orsL8nAg9hFmLgLmEoRVaPy8-H59IIdcvV_MS99go1ywqyan0AllJPFW564PpIPDk4Xa29XsI7-ypqmJq1o7_jHnyvQj4B3mAf3UYwhnsWb8ehORqbdK8fEHg5usrGkg-J6DZ5zjEpvwDj6nRQDaGwi7It61KLom2xzJaNrI3VS4A5wJ3kIrbVFZ-bJrwvkE7_KadVXGpHaq91FDrigy1hi3jgDIru66z5CqQmyZ4G35n3ZVuDMUlhlZte8yOZmP4Q3FaJg4Pwizi1jL61RYUB3O8Ew5PAarcTTRMijd8SxaOI25Pm_QLVKaYpBHrwea6MJCeLqRjXltggr535AqPDEX_LIhvHLVRXLmNiR2RyB0mzIUs65QCEvl6iaWnp9KsRhN-8obBrfMyWSPcgYP6xrh3TUsIscDw=w120-h179,https://lh3.googleusercontent.com/docs/ADP-6oHNsVJyc-G3Qp6yO43OyUHpYMo5E6MkSSqdOErm6wUTsYBHTC1gvPK_jWcrCcIOVBhhVNVsbebi7FAPqPn8E5ACw3RgTqFMqlOWPH6x6DuUy3LjShGdyTi704LiCYDT2zqfUdlMgHN0OgKf2kSKKxCyPJs6R_Rf_UIxE_5XDGjJbGRpZvlo0rllxjroJ7WZkJO71LpdxIVbxQIhrWKN9RCkPnIfL5OD_sZGLiS_Q9GY98LZL2wxO7p5FjduU-O5005G77wH4Z-66ubAQaGMCxygMb1WI0LQsE_yoNwNRj0Okj_sEixp7kVoOF41x4GvsX55ytN73XPfe3AIIcrmodoZ-hqNqMuiH8rIntZfez3Aj5YRf_ZipCg7-0W-AD1FlhDm8z22SKPDKd7EkvMeDLVMirGnRoT0N4kZFp4H3377YWZpfUFdMnqnYX6iHA6JBApdRXS6z_3ubuLvZG4Ke-wpr3GZV0bUHXCIonF790Y3bz3sunYX1g_Fe7PVIe66bcvnPPN7R70-hxbPxwd899WYjL3ZB71DfBybLz40Jin0OOmWEopcsbXRcUilHXCOXaViaVpg-r5NUGj1th3Pt0MAaVVn2EI_C9aoo-l4Qp8g8fXd_b1XwHZeNkAeFiYDkYNWo5YrYnAjUOcYhgOf3DA9T7TanS-a09ehXFBQsJ8RNXmCCtZ5p1O0nj5tQ5XShyYZWHtTiWECN-gLrOnBftCcwA5RVSbJBJm4pccWCY32Qu2TMdLa4Fhtr2TcqXtiXMnJJD1YZ_YeSfPdm2jvlYJexUtD03YNYWw8NKoC3J99LpQup4Ds9OUyagDyY4BM8rvSD9mXpOQY6tmsWalAke6ZAmGJARxw1FD-ZU3H3VBDByEFw7H_gztG3EUr6wx64YXXZn1yAz3sOynwjLWE9oQaFB2qVbQZihASVxFamt5gwIZjQ3jvJwtUeF2Cxj5II4DMbUQHyyg6lLlHJd2eVz65h_-sVkZlCkt1ZWgNvzHvPX6Qq-jACs3-Ovfhoaa21-wU1FkqigIt1j3TE30MSxsHot8oT7lkjjh9bSMRWz0vtoH8eSyxKOh-X8P5lQ=w120-h179
https://lh3.googleusercontent.com/docs/ADP-6oFfwWmGYtDa5pbyRdf4BSwC_xy5VVdiEHyYBqUy_-L0aJoAjMG0qPdBJoW_jfYtWxpOx_BkB32s0OpmBG-dxgYboYL9wAF61eNCjRxn7C6Y20ptAb7V1s3hLQVbWJR0m5xp9-o0xdy_wK6eKzrFDGJburmwHSG6ypCO4OPza7W9RiFFxvWdiTuNYyxVYePkl0iXA3Xshc1vy0iyzUFNUB9gOdBkedRbiVJySmZ-O0dgTGPbRiCGnEFkaibwYwGkhpcVPQVCpnI43iTkO9grYBURgCJRv7QZiNkmlJaMJ1B3pgNXMLACQm-Ms9Xb_yTX3f2r3So6CQWfGPzCKQtkJOSbZemoD29uxoNpa0mAISkonpvs9M96DGAj2eOmJngIQOT98rbR3TMQqo54KsjEmKllwEtXuSsBdOtQ3H8H5a43Uqo7LcjKSmEhHLDWBw52kRPkgZCnn333KlKVV-3bjsTVc7I2qRsQM3ygKsLnqfpnIKsotUL6l2OK2oDxQgddQgUG7mPAcM60Fp5jiHzYjbrIeSO3y5QDNF6M6AXJWa1KpSNDEa-T1avdeyxmAU3CuchQaKC4tetvvjrTJVVAlFHwNLxS17TWjZ9r9RTjU3jMT41nnMloIwrtP4utMnmO759FylTcZq5YjSf0RGRAIVW86SRHnEDpkUfQ-voOur6EySdfDn73KC6u-u6RwLoroD4ya_kNpbxzk816rDVfm5GM2kBuWHMs9LbWqc5jd4hah-Czkp_D8JGzriQxj8qtF-Wn8hk1eQlmlykTqaZqtj7YY8jAMgzb0J7U0RzjH9jQy7zdrT09LPo0vKSaQw0FuoBwwSP30OMoN66-o1HEdI_lxtskkwmtzixcfJiLM-pUpsV_MPzd5Da8cQRpGekGuNOzZSOwiwhKmEORdFSfo6riaalQUgYvM0bhQf3ESlqOk2h0L3BaOSA8wHvz5aWG_TX-fc-WA8wOy1x4Cj_RDRSAaGEwRXv4eSP7VSRoqlOEVpod9y_GQjN_HBjuCn68g1Wb6F-zYRVrhyHVfuZYbcb9okX3W3xm2Pcka388vs6TKo_mNl9NLHHscO6TEA=w120-h179,Martin Johnson Heade,https://www.martin-johnson-heade.org/,"""flower painting by""",https://lh3.googleusercontent.com/docs/ADP-6oHZGKy1bSzYr0GeQjpWDF4cV26ukuLNFAzKpyFmRrY4zPWDhwh9h95BIQ3-s_yJ8h0C6eFIC8FH9J2Al_DBsh7JS1uUsLFOmqcPbFqSIh7HBbzQKOwNn9bP8yGzDLn6dvDEgIxiShD7TjFl3dqZiZdI63Hxsk6lsiocLM6ZA32xB7V05ojpFj2hlNlK8VXJkfAxljx_ikYmvpOBXtkxPwXfnz7RDjXHckXLuILwHTewWfCNh-gIMj5R5yEMCo_eCuwmpVvkYK41KH8Q2f-aT2EtlGdb9g9QgznUxB7UWkSu53E3TIghRFZh3FuJItQ0IavW7Nhsex319DL1xfNb6BEjmJiW4168namwAwnf-0lniPkr63sUN4mmHdEHm2Wu8OWcLj7up-sRcDfhkp8H694JJquhadCAOlycdg8w46lYkunZ9E3rAmp0IRKBus_Nf07CNNYpfOlIB6XC91uM25ukIoKbFJkd-p9MR8zeEKNo401KasDZ31wzx7GshXbf8n_aZRS7Kw2R3-KhlATci07nlgGShytIhTwpbzA2JpmvPO3Ki2G2sQCLuOWHYK878_eFDAv_HVDzrJxl0UCQ-DYpfvXWpnzhIcoIeqWmGenEGBHtngnwc_sHirEghMhsTpLXPUGTkQHhyfWpgG_K3RZ_2igQZJM66P25DLurUlMzkbvbVuWBd0eyprnoGoTPuOXq7Uzt4C4W2ph2Z3XYbIpapXkfjXeVxyHYgCCSpmp5IYrmn7brdDYw_B-KaiB6EpHUxZCDyfO8giJuHN3SP4JA9r97ykrc53n2EUJVW4sehWRl88NGZDNwco0uhSWkZi29TqtaZTQZ_iPicOOwSkVbC0bmP6P2k6AgH1IuusatK2ijRIblywqU3HOYvwJEwI3LnaVjvvYpeA63WiFNFVZ3-A-WwqhtIMU_hRj9AAe1H56nDN9SrLfhSa849RvKOyvN4cKkLxA8NwT_TTbsJ1A3IYydV3aT_Dou8_7THTnOcoGfp4mUJ6xpj5GtmqWZyz4cAiCyiVcVfHJkMlfwNtHkYKBEuK__ecuc25ijlteI2_Mc7THexwuwUyF7Lw=w120-h179,https://lh3.googleusercontent.com/docs/ADP-6oH0hJvLPjnMfxBlr42CSfYBQ5YmZlrxua46rpdJyho1AsWRq-8wme-gg0jSo7YrnSNyd7PDy_w8azA8X_MVu2D673Wl1xme8RJwB4bQdvXwioLOYY8E-ULX2nlfilnPya0PtTQuACmXqnw2KGRvd-vptxfbW2hy6Ez29zbAZYudTtmCY7Oi6k7ncluz1lrNBb8jR7x4YNvG51LvcTdXYwDCfkaXlPWCkMvcsLShZzEyvfXyLZWjtpAFJLKWm8Gz1bWZbRE12ohAUaxSV7ess-2Ia6o8Q45tMr7tnnT58yb99GxsZuoe8vX-KcxxlisLj6Su3PJnzkRH9MIXGeRfIoi98TL_e0FDC02Xs0vHpN3-PegQm2fDm6GtSZ2GlFR8brqK9tcf_CnkU_8ETaYyIMgek0EFwgD9erfeVYSjXiovL9lYCDXwojYxI4gZO4-O5YCTFtN7njIEqdwN17TTZ7znS6uSjLTzGlGc_KXsAnyVivDGeayT-nXZyFLEl0PAcKPbYEoVXAWCGWLEQPz-vRA437fx2cHl4Gy6F4aIVfXjsCs0fwAfI2Frxz6jvcjBt5WDiwiEzPzlbanElZu_SRqOO3CAQWz5RlTF6IWY9i6Oi3it3BrQ2Ee8l5BLur8VSug8GnzDSrnjOxJ_eOfPXKDJZ6uwXGBaxpfOUQ3fhiWqHDljohSNmkzs8vVBotrTkccm0g0Z_4YBCYm8WK6QqUP-B2LNPx0lA5eERf7azANsPhOij1_AyYDSrfqGNDuE6uvR5JEVWmi3fm8-FCfcaDhEOxo4_C2JR5fKaGwliLUpayb1DEYvPqoWi_n1dGvaCueKn52NSCy-ZWn-MN65EieJSb3Mnv68kZ2pcq8Qpv0AJUmhZeWGwYwpkw38-QhWM92pLS7cWmQzqCFSSHPpLRpuw8hlvNWN6fwTZXhS9zl9R2Jadxt0H9pCKfRpend7Up7rKzjM0Bj3JwYtzGSiFu4E0DuTI9N-vCc6bpblXiyhb_ar-96mb-WPAmsaDazKeOPDsETd4aEywU_E_Mg46C9BDTw2sJsR0DAAWXpGt02-YU2NqhNv_WRCRdJx-g=w120-h179
https://lh3.googleusercontent.com/docs/ADP-6oHO-g5jvxe9gsjIrv-K_MSjUMLduIPIZZEtf7AxD9Ch90NhCiYTc88M0WnKDB5fCEW9mPyafhM61VoN4t3KQxiO8MbnfeN14m1yRS_4tiNpdmpZpdsYLq4WjAmvqNAlGKrB_RcItn5CxuCYMfUjMTAbSwTXOYCN5ehDRDvSpCI9B1JHvTYotP4UyfYw5qAUokXHrnAY_zJ3tpwwT-XUAlSM5k_KCo0wh6MqCPfa3NMFna4FydJDEEXP7Ndctx6XfX_gQ769dpjQn6hlX1cV_O-td1lGKxYMS5E4IYj23LLcTwNvcbpQZmX8Pe3ubqT9Xnu_kk_AlxyerljA0SmuPcodpK3GDBSP6svUo0k9_nZ2hY9D64LnYYglDWHDd9pTOn-VXowMn8oiSLbPsmz5Nr6RMoEYtcbiNr7G6xyR1s3-RhljU-qIv2YY_hF5OvW9LOf3XQvqjUtu1VRAq8Jmb_bWVHysBwA3_HUI012HmWvNMOzdkD4pBJZqnz9pJs99WYU4-pInj27zPJ9J_wk_ePFKEYIr8-A1pgcqlRx3iDdp_ZfJBvgXsiXH2Z6BYcKjis_9uXvC80mz0JeEwnaGKJ2tllaABGlEONMuYPSfD3wrzAOsrKKD6166NrEBQir7IlAwmZb-M8XGdIKF0JfZyYfVvdAD-9Hi3DM_Vv9clrS6jQkAQSQ6UmXMVBAEkTJKFNvqJ3qWWsqcRDCzf24UizWh8_BtROan5IK2jS3twI_mqjBjUUkWEa8OkzzL-nvq1xhN7TyeS6VfbwSSxNL9kwIFO9EAtI5ELonI8ELdw3kFSL5FhKfGxphtTc_OLb1620iwusxH0Cyb7pqj7glOY27YiwsCsKQ6acBTwZXlmZ6ZgMQ33sKGV9mLDEn-oyzYqX_ED1z6gSR778_BdAh4OXm5Md7Ty4yIHbyHxocxeqLZAQvRBLozMG1ak40vLW3-SjzAqpPc6zNsqohWrozpWqWQxU3MJXtYzFxN0u0VGtQy4gc1_12bk34F0YkLqcNrHg35wsw_ClL7Iwe4P02HhzVp044vZK4Y73x8s9osDVzgkwW4Tt_WaW3cMMzw-w=w120-h179,Katsushika Hokusai,https://www.katsushikahokusai.org/,"""ocean by""",https://lh3.googleusercontent.com/docs/ADP-6oHvrF5jkC0gBBf8rAWR30NK7r9VLXFh7CZON7T0z4QPrMt7PcDByBIoY07lUJ_uR7CKbU90ZmVLgpbg2ZQAPCmD86Idb6m8WbMStlV4vu5SdCq927miUgm-LJcajiXJBCiv7kiozHeD3PgDKklaYb1RERceBQXjBUzLzOb8nBJqw49W8uDRxpKw7qi849CVTebW5LYzG7FCzC_vL1kLJnPSk2jUPcorDa4ILYipHAGhobwDT9oU32ja2zCrATAvCtgjnFZ-2xdZooA1dyb9Nt7g6jsO4K6ZEKzeDTUBIlU3NOPeNnvx9444isXe8YnA1Qga5CB_BJnPGbv3W39MB51sKIehIR6fL3NIC2O1VqK9LHpVfct_FIIOo9UwP-IXxREYXvpaYFzO8L0Lz6cCGnX3le7xX0IKiItMiGt5S8e1Jusp_VKQEPojkbhgGHMXZSFuW5In2Pimk4K5o8sHjcpStnNX7gz-bjxxJj-3DefxftUrWzc7CRkAiCI5-4zkx0Wfb6ljs3Xqxw5t9Smzgas9jkWBqlz7tRNepYPSIcvmnRXX23wuidehmLWI49FL2NWZ3vuq19n2UyIlxKNTBo2arcDnL2LGkulNbYA2OKfWXCMCEhpQqrS-AmYY_05E_cImlGnGN_UIEgOJ0pGe7oOGLKtxdtxK3qIiSZ_0_Mzaw88ZJiTwluXkHHGiTREu25WVCnRH8caRC6FmW7QVgnokD30t0J5XSGhSa04ALAU5tifkYrcMyld5lBYcRotK0zpgIZJM2sNHm6Ded_LRUMSX7A7Q49j0Pqjno7W1Iu_eRzHOhw8rcnmjibcgjpjky3BH8raUdI7fEB6xqQ6X__MhHc6j0Q4hyZtVcnHFNKB9JFU3fcJR0vLV8iPzBeUclv4Db2qV-VQu4gLJWcTKjyv3xJU24s27Pe9HKkHw1WKupJhnBJTYr9S2UNGWqDxbRRfSbefNGMHPUmtvqftqmic_2CoBPJ4lDDmFGF8uM1A9spndUgv8hIqXijkGHU_-09WElZuikrc1L_11j5mxcfjjFCMddP1-UruMvb7thHfQVG6Nltl-0ZcC2oR_Mw=w120-h179,https://lh3.googleusercontent.com/docs/ADP-6oGqmsAN_buc0SYQsoN8TUL4zJzItEVq6iNkZtsGCg1zfOz77cNdDdicCD1vD_G4J5hlZnN_HaYOU5hfQZbwMQ8GLOVdlpe5s3-K4A_J7D8BQCf-H0MuHnN83g66sfTTwiafXj0tVfb2M9hee-gd_bNE5Wp8FJm765mltjmZscxuA2U5g5qgXcKLHA3-tTX2YzQIY9C0xC3fMomSuqwX-YCzMcNsPFcZRvMTXfsiboaThCr-YXXquFJViFKM6TiQA6XXiNWr8Cf5lCI0Ol7WJ6PHkziP80JJaXR7jWUeBWfsixH6OqWTP813MpuyBp44vmxa-AIxOjLmKVlL1OPfpq0bJdC37SeaVpx5JurU8PI2LAKQn4yIgEqf-sxGmv2s-Ld6FEx9e1GIBAYHDWDz7jMl7pOpo_03xEqMuN4MdFixIKPeFtR7tXChi9GHxbmBZFKVZKDxRci6Nd_qYaG0BjMT6g6ebT5O25fCVIetFp9iJ1bv8C9g_5NxpSJ-1kCS84vHRkBRfVhYppVFd5GrBmI097ezZ8XEbG0iHT8yhd8-jdwEVN7chGaBxsn1z6a4Fd6X0S8x0nh5jNuPl75PuBmeKLD5fzSyiEyZ4t4DKL9QLNkGGFixGEbHI_3iCQF-drjcEEs4tCEzawbhC5kKHRlHrmoWQOsLqWmLQpLUlR7L7SmYyMFQ6m8MCHJKn2CrxmsNA4ie4OMiQOcRiIn5JjvrenPPIOl87aZuyntxc93flzAi8s0EeY1_8kzqb5nTtjj93iomuZaSMx6GiqBiRbLoqAP47RLsW_gIMV_waQAcq5zn6G3eCtpFCLouXnCqMtzCKj_boX8-uVB9tQ41oFOYwBY-FtPiXaompkPTQiyshsTW5uhOMSnD57lc5GX2mTwg97r1g5D5SZO_EBUYp4L7qnyIRXhxFbOiTulBJ-dTkEduX68FBxRxgbeKAM-aiSu44dueuiM462g9Lr71fqISt1WT-KpAYljmgt0vR91uxbtyqwHzfI9r71wb6y0R1KxZ4yjsq82L3WDzsPIrbsb21Wj4yKFEom9fTlcV08mJPuC8zTDo0nCMShslyw=w120-h179
https://lh3.googleusercontent.com/docs/ADP-6oFctYh-YeVaK_rjZWV2FirNcVTyeq_Q7sZ0gt7HGx-BIzcTouRdVHLdykK8HF73MGoZxA4zHH7YeKdbb9ERlrk3IPoAl9p1GLpPY9sXJ8oC7dFx7jPW58lqUG5PMBwRGWaaY6Z2oZT9d_swSohGLMk_iyeeKmsLuQWIJDoAFEHfxQw0VqvLEYA2NCbCiN5mOvABA3T3-2-pAiuLKUFzVbJbEa_h4SRbGjOORilwwZ9sHs038rbW4mnGJKcJFtk2oXR2dxOQ1IlHAwO8eqly8ad9LaEgnylTUQ-He_XUgB9fz7lb9tDQx1HxbN_7CmBJZUW2kWUEldARG3hN77B19Is2QkgLDpyD1h4o-YTdgMj5tdT0_GGtoMGFzXEFUJNYChozFp2dmCyptzLBCtSfzbLhcJR8aL_WV6-AJySV1OocoazK6MjmrXsB6zVOCzfr8Qg7H-oFGPhiqN3UprIKlfWwuoCCGh_eNTwCOEN6smP6kCOnKNKDQ1kYYIXEx80-nOeJhm3sfjSgOX88Yhm0WEjxEqzMNxwcUWKVSZZ60vm_hvzPa1MeTjyi2RTaoVpUTvk1nLykN82U0Nqhmk4tJn5YRdUYfDlQ_8DlaSbJ9Rgti5YqdPmFIoyzeNsenEpsUKKT6ZChjbGhkcTuHOeMQ5gp64uChaJeNnX0Kk24Ke0UuAbGNAaM2FgR7c2otC4xUQQ5FLpoMAIRtP28KF4Hg1hOxoYQsJ0kPPsB1964qrJnWMsy8Yi9LurF9AjuQndmiYhR0fHBYrt69dGrwAz_rt74facJuFnkNqcQa75T4CcsvE7T8GdxhE2OSNTekr4cupNAMD6jq9_IMkwZorH0nzg8Uc5r7ewaNiB0utrhfCKysEwDO6DXBhw1DkIFuR__z3K6ifRSmMZRlhNmh5EpyCmYrBW12nEKnGL8C7ueI1bL4uQJZCICsrzyrcVmlYwDmkHEb9HbCJbHCLzFmyRuYQs4fe7G1PH49b-KLwyfvhYnzMbSgRJ3YfikPeeKT1q3e0y0VaF7mCpqcbvnQQTNdD4nWru9pmpP5q-b4UAFNGR1IH09VmtatTyS6GhnXw=w120-h179,Kris Kuksi,https://www.kuksi.com/,"""statue carving by""",https://lh3.googleusercontent.com/docs/ADP-6oFCjrVTV8q5fnpQNhMLh3NwufbxWSUMkTts696IpElCQWnkrXKoPd9bM8kM9C0eAcEx0yCA0Q2NwFWkpJojDZoRE7zVJiuiz9ptNeCQP0evugW8Zlhr2lj-WCvg5Zb9glDxNbRNN9NkmpSWNX89SJ9zmcDzh7IiGPpfZUG7PV0OyuzpK_eHbMpz8zf-MxwoQs6UqSPD0KFrFSoIdPVD78r4SXTeqvfrS5W5CYvI8K4LUFueeDSDnZubxjiIhvQy_acM7azpKAIDK6xj9ix0Xg0iY_4G_9-PL4IZKOwhFmRuxLMe33bbxh02oc98-bHlwuLSe2hn24u1HFObqmtlL72PArlTSuiviZVhAAhLgQldac60SgzH4uQPUXPJC4vf4vD7L6roq_241yLLqC_ivY_ByyDiqxnTs-EKJGwbMPD6IDQ4Bc0ye-ER9F_RNQDt4pjfK0k8z-_GNBwMgh6_goQwmPM8eUhRsRFVzqyw0GGVW6H02QCxa-fakItHIRDIoqUxSOTEKUcanitIR51PcZ64HwfhLr_6O1ONJVdPKobMiP_vfKNL_htY_9QrWwXmqtqhgCA3oPGT9fycb7cJLBSrrc0sznieZ9U4jyXRmsctXmo1Up7EFTPH9D2mRmo9ZpbzcmTE88FbdByNyz8ChtEeAEXG7fJcHXCjjwkdmAF8IeO_ql8EqhtTx4L5-oQ2gY96lohAZGKD1OoLOgWifgRF6AUmp02gjhews_fb71-lqa9DIZz_JMKvczPdFa7PhGZY39sAs4X9Khpz_wVvAbb0YLxGhc-loQnXDTQEtL-BJdBvxAnBTvRctKaa2UWYjpoLrKoj1KVeFAG3fhuFx1dDp27dcUP_NQtga3xg86YlNRZU0JJJgyHZPeuZFAHkgub0orp-KbBN35y7HHubeOHWurU177AnRRP62DIqmefQpjrcSqDx8FQIqg1YOD-rIlCdftpRzUC77Oq4FG8iVihS1zXcowxJS2Gtq-UFlygYf1WXdbny1QrZkszlwuK-D4STXsOcJ3mqMt4RuJKuE9Dyr5DWlZrMSeabyZevFk07Gv3PDOcQedIGOmUVLg=w120-h179,https://lh3.googleusercontent.com/docs/ADP-6oEmZ3T52K_dmtyx87DiAmFvwP9K1e3gxSQAVNdI3yVcx6YMyjC8_H339s62_6Roj0ubohsuybmJaeLDQfd4hjgzfY58tGcJFCXDbaPO72ZJ3l6fZXHUC3tTLqiS1zVuof9JAcNCfzaUu2dAuEeSiKlYIz5YD_4FChfSjjLxAPnC3EqcjsQlVglmtYnP15VJwhFUiCSZqJ_H4kpQpNRnehDWvsQuDCdjtXjE4fHJ-VCQ8ucC_uQ0zQ1ishZTJinOUwS0oIVV5iCP6db234FqJXdH8_rYg2Ec3iiw8lcKJ0MtR0z2IEKpt_zHwm4IrPHf8WKFYOxF6g4lGvC8uhsfuU23-7WXfBHyoDfqk_KyvCFXxPN3Brh-d7_ULYQAkenmjyVeNLgN2q57riobT1pmxZLcbTGVDM9BYjxRP4HbJNdvWbazAJ5hX1B_eIzU_OqrXIuHLOq_TROtmBMZs4Dn206Suboy9q2vmbT96LKKDpME0kH27d6quIYxEy9k04uVvJgtxxIL2NDNQAkUMdPtZZCO0S1BidbPz4L79i0fxCvqVIkoSSSvhOC5VNPWTwRUnCb98_uYA3A6akJQDUVY2-6SW5LUw6Ie0CuzNcOuOe_tni0XsRp8f_VKHX1DLKEuzGPzDHYvu81DXywZzB2sFYiRSM5k8gSaHESNGya0CjYxq7L3fLJUVdug_ikPirWhbe2XW6W8zWGITgQWd_LvfQ7rwNZklrBFBchpPo16DfWrStsXHbJGsQgngzDZ62AsHYuyDys-5j-u9vKjr1PlwEQad8FmB-dyb9R-dwdauLjXM1QMBR6xgvY0C1Fcz6BC726lo9QZ-MUMWRI5CiwK2nWK_i7Dcbn0gTMiLVZ7qeVwaNn-q3gMqWbNl3Ixn4X7hLhIM3egT-UOV_Py22oKjQLCXW2z5qj-zWZKj7Nbi8qfYw-QVplGG2zKedvIT9HTl6DZXrPAuUzUZPWhYzxXv97i01mdK5rnMOUaK9nFZkMhUgd36Ol2I691KoRftmCx4GaIGygIAHKv5rXz6IZ0wi2MvB0RgZ4u3EJ2bh9o4lmOhcfwk06FGS8P7OOnfw=w120-h179
https://lh3.googleusercontent.com/docs/ADP-6oGZOqnGBJCQ6sh3BhXbUB9mrIjtO_01rIl9sCCGZDggDPOFMMOJkw7YMnWfT5QN_lp60jxwfPi8jHkQneFD-YpKmCuTzPR-BO5CVZvbqQdFc1rfzGzr649ufT8I1ZwLbt19pC1kg0taD_1U5c_MpTYmAi8Pu-bkpStVnEWLEJSqxC6woWMOMwJm8HN-zbJYjDFozVsiIas3hwiba9oa47_SJ2W7uBsAWU2uAt3OJsyNIZkog8LGgAkpP30Xb8n3sGlpjZTeUSpb55zByKmWjKCc0u8Nthie2_VC-8lvj7uC2R6ySEQ3olmBsqHvLe8r0hRRrqLdhcTyS2wD24H0xYt5Fm_jafFd74IVyY6qoRDQ3kkEjTuwNvkPZXUiD7rzJq3PKAE4AfzHBuA0KGjsXLbJMl8pW8WUAB7yX-6TK5n3F-N41UXuCZfAGeHY8FruF3TB1LytYXq6tHkpM_VywamweahL8vLJBQPgkSPbKszMLDr9ZrFXPtE0gyQouk7selZ_bxOuOaLhkO21MN_Lq43CWEfPQDTKf1sd9Espccdel9pZOeO6Pe5ieg-g9hUcoV4AECL29zM8mTYW4aPUh8KfxZcqE9hEiHaC4BTYpypMiUXYhdjtFsU5EOloVed_RIEwR7n-dqxNtpzZy1cpsbEgaJJ6qDRGj9EZijOQIqzhWb9yUC_IJeiVRHGF5Z5LAHkDh1gpz9U3cdqs7qFLwci_YyiCgTdhuODaWZ3cJqbT_6Kgym8duPExvyIexjds747oQY0vLy8-zqkbM63cbCYx9i1y6660qNBX4PIrlfJ540ZMsnrZU3pK9KJvyonJs1CuuD71Sl1W9hWMLKOnwROFEMwTPJKQKKvj_fwxCsa4zW9QQjG5qCWM7UIX1QZZvzgd4kXWRovWTJLk2pBfUi1xAkR_jcmxyq2wlt24JMkfOcyypLYx_g7BYA7HOcK2eGNJDkxbAT12NxCCjk88pc4ysDOuJ17_lXZ-GRoxRxkO845KCbz83r8rkD8icxIbkRjp6ARhd_4H89ya4VTVb-Vcb2GOUeJj3R1VL_ipx4IQIQYnvSPq_og6yU9MGw=w120-h179,Maria Sibylla Merian,https://en.wikipedia.org/wiki/Maria_Sibylla_Merian,"""butterfly drawing by""",https://lh3.googleusercontent.com/docs/ADP-6oHh1K4kTGcQmEwU6vZoRWo1GGH4oEspqKbS6OffZdxDjDYL_oQi7UnBxUxd-b9xiYhtCxA2T6kDOErBo1lQgfp3XZ17d_RG-piYdCq3wmnxlkePRzkwoVhzqwUdTfY60YiMU7z5ENAPDvCm_mER3D_9fNclw8E6nObsw6MVx5XJMSFJe641R5gZN0ucHiiCCrLTSYIxK2OCSstSCElbEkFw37WeBAIr91OoV_cqNYmujhHuhukGwb7jg71_CrysGEPZ734oKguONQdyAvoP3v23PYbU8ni_19qkjKu5Z23G31cmo7sLqWVibNzVIohuQBYPne5xV6_20F3676LhbHJBwJGr95QeNyqcaTKVX6o5YHejU1zElaBrLVvvUPU9EsdQim73sZs2bDNhMOPSf8i_CjVeBBUFW2bxrDZQ4bvBKtueC8ewIhmH0HLnLd8L868mz5kKHMAf5KyFOByF3h1nzIkLfhyOIvm4Zn5XytwTdUPePG_YQgz67Z1Gc5fBFkE5RjKjSLALr32cR1-_-u8r7GadArwqSfaQ_oRE16bPzq2jZ_fHV3DlnSMeAUq-TyAzx1kdp0JmuBhgiOzQAANblRlYy6sJlPv7pQQ7F2bd-AnywfFtp-4zs5UIJDYHxJvz_lxNfjrWl-v-psjN95JGKNOAgzEy5xMifQPS5fLC0Vy9c8U3K61oJvtnYcToQMp4o2phZdgDO14ctqPYhDtFOlR_s48YCWc-mXky0QK2Ue75TcVHqOtQm3VnS56v1qhaZDNOsIHDr-lPc3Lm-7FK_I9um2ZeVoxcjqiDltXteiTUnqFhP_GgaRFf0We8kLoQWRjQbxcsyt4fpZtSBqMbrZQpEZkSVdAihg-miITE6dqC8o5RtzBCmAbcuwXIIavVUAYkGVWMI_2k7i8FA8CwrGI_TeCiozYH6V1mGnLyz5UkavMdprPMaDLBktNEC1rsUMgKhTssla897k6-Rgn2vq0AkrS3ei2kIWNX20U3Od64zVOn8JP28TYy6ljgLxvV45cruS3dxz7Hgyf3md3YujSlFvDOVUGVEIVprKXiUZ0Vkh2XXBVYMikCWg=w120-h179,https://lh3.googleusercontent.com/docs/ADP-6oE2simd0vrUvFy1_kGeP8aMXzS-UFI1-Dy9HRpKfmioN4wnD5KTXfqdtfwBzJWFODKNsR04LVunbPP98NmHoXpK0hna3wiO6tyIgk3miWnY42vgks3P5aswAN7h9pap1fOzgdICQ_PeLawFx2bAdPdYPcSBwsT652wP8j7UzdTFUeIMbL6Lstz-0Wvb2YLgqQNUenjmOAS6ELRvOFLplyo6R1UtYo6ojE0YKsKoc_bA8NgMETs8vtvRhDMQFbCmTKiZ0Hi0y442yBQXaBJn3GI6X3VaUzvIqZmjOAy0I9_nfojlVoIl_CNT0LxYA3Klyx4WXJQh9LAP1pOCDMOMFJjk4etcsvv5lyhGUarNSOCuYzyesUPT8F_NgnsPEhxA6d6_U0hqL8RCTi4mpMZXOLIuTK6flI9Y5g0dHnTb6XBmk6_G3-1y6V7yUBRXvL21Y7oxD2_FZXVE5sogW2cE5nivmhl2RqO3d0q8E_R6pjXpScEdRiYSVZWgwpf9Y3s4WO_SubXfGk0KFkGA-Q1viCCH3FxWl025p1RBBNlthuus7llv13G-X3HlEiETxzz8dBY19WRsKWHV6DCkMcHdML0rjTIKGVc8Cfk2QPJUK3oHUhPIY5kjGsrlXiAiRGj-n40MNjE-2j_9ouUFYqm4_SieegqO3zqHFRPlA0QTvbECoLx3FcRrxjSi_gygMU30t2Qn3qYtPTGZ54sNQf0o4wl1UhHjo5FlYyNzlN4vfZ-_EEwxJODkxuuoodGHhMA0I-yzhoGcJqqEeIsjPDriLD9D97nuFppBDpdvKAXW6fh7-7z6sZO2-VBXbF7n5sNiqrJt_9aZL1c_QeafW0q6cCDO1MAZ29_01tWZUDK-jWzMNoQK-TSRW1z9vmxpOuIHMjUSY4QWRhSc2-v9WEyaCVmeFzzumkv2eNwfcUu87aMg4y_Feu8mfNHCtCLoROyIIFUD5BZo_6LGcAT4u3hmUBkLVDNZtmVR1XiaJbSuOMrf9w3O9vfME_JA_sTn1U74Tpmrx-qtF6YLPGXjqbsmbHtoFILD09NzQAiOVvy-1ptUVwHEQSCN-y_t-L_WCA=w120-h179
https://lh3.googleusercontent.com/docs/ADP-6oE9RM42t-iju5Rpsdteim12JWLkx9QmRhqE5aFY0D1NnD_DWwp03w_KjbRIyDHmHBHrv6Bb3Bnj8XajyP81yOoler2a7rJe5pjPVSsJhGZBt7FLMfd5oh-S2PortrvE2jQtnUAzNuMyiJgpeAnOxf-5OH3RoqrNN6ifyQFQ_Vwp4CXM_LFx5TzLbq-sU9GHbqPEoXy4LlNT9dI1kuAScp_KDpfG5Tdr3SSalycp1JCvuF1BTDYgsJ-qLhaFjG_QI6sEiRM1Mfx3CunTeke5ZhNt2eHKZmb7dV-WOmM7C-urcuB5fNW1sBJ_9CjgK6kYPMFlqdaO06jpSAiZwnUKJadSnRUGWQqL_IPQ0xbX3X7EqVXEP3eEx34w9K8t8XDm6-158CR7opXYsRNCUU0Dd-vxazJq3_uC2AnE47Zxem8Qb8EjdYZWa4cq8Pat6cJxTaHR6TH0pCcvjkCPCDj-VEfWe-9NdyWlAF7kHKfZhg2ePDrCr4SGxpVdptNs7-FeXSJdveOF513dfrdNegUHwkqWUpqGKCpIkXLs7PiPzArxiAjrqggdaoM3d3k5oFu-hU5WLBxIIXJv5SyXi-w0MWLibbnnfbzCvYDj65N5zq783y2OFEuWMaGaFFnuCE6GwC0_dNwj_rj4nin_SM9LVG2N2z1foPjYmoienoROVrM65k9I79F9c4Mtg1CWlOb8JPlvBtSNcMEyKKTVGG3GOgrXJasvf2tZhlyjUpaHcPe106H8TGJZgpCsHDM2enuf18Am8K51O2e_bXW28f2zh1tW062FrCBUicDRZl87CVKYGbH9Cs_8c43m4568N3O4wOKso2LKlHbjhw4eZjzprMsQ0rfSGTKoL9OyLHULrJYgkdHhoJMwLOMZM3Ui7-jzUaq31pAks-MhbKYDKkW6qd9SvYWPiwa1xUkGKCxzaIMbj7rtbC8m11sD8Wg7qGvPnq5jmPWJSAP_UqQDU-KqQC6Q05a5pOXDsJjSScnU69cRhDN9Xxv7lTMfxdZ5OgxwG-ftu4eF9WM1tkU3HFmBy4HUvVMP4d4924nz3SRVumT7gHkxCAtVVQyok6H-_A=w120-h179,William Morris,https://en.wikipedia.org/wiki/William_Morris,"""pattern by""",https://lh3.googleusercontent.com/docs/ADP-6oHfOR_sWbfhNilS-HMJpnjek73So1CAKjCzQoFeTB1Te8EGiOGKktCNojT3oi8k3iW_HJ9nm01r8AwHtMJXAT2GR4oPuTFhvosJ0HdD7GQdtFAOtYqJYj-9V1G4ER3bIWjJ4Ks7rhKy11PvSMM1cTpNoRxCmYJxs6Hqmi-GUZ1bk6cf7X32NmScZ7a_UEG6RW1tDMJ6F4krwvV9OmFSP-xDSGJ-zd95gMLGJd4WZ2WaCLu1f4xEXNhBi1vaVaQm_WHUD-gDVUWSDkLZL_BCotrab2lJ5EZTmXRrUkN_g1z0NOec9f6B47LhuxmrBYzhzljo4hqY0YBfQoNSwbacBRP6Uco0WY0m4FVhMaUPVMyQbxMo5rwBrBbE88R0-M4VWUQrHv4w60rR6MbyWuTi4l9E5F4NcEgCqdtuS7a3A3qEc6yOK7W3YRqurT91ztX1WxKso3oIfC4kvfQpj4kFJxRMEs-x8inm9D58n3E-1EM4yYgyFN4mbmhf1f0QAqvnz0xvkerNepk8nfLnv3vyTgyffAS9kU-huZHTh4VHGRihv5CS70Ums3P5dv6PH_Zv4aQJhs4y5My5ZBUyRDBaDso3fWz6zFXrXjz9M7jJlgFAFPFoypDjRQaoh8I4KtU_WRzfaL-pHViLpnUMhdqEyIYxNtOY_16laeIn75U9UpGQ7BUFYCLdRumMf6Oiao2a5p8rMCyTaTpapYEuVGKCrNcFfy0hm54jg4iYnX_ztm5-V1HrG5JCIqlDR3Nn3REoLCrKAK2vLDIS-ybnvJJ9JmMqnb0GsjXXsb-Qz9ZwFDh5kCzf_Kmx760Ph4lzK17Xci0tA70bgxM9LsYQosXSyQmGaA9FGC70K6x0dJDcKvNFseVBC7Xvxuld-OJVt3ByLnWNyiVrMD_qbjHB3VGYFlKlDLWjFynE8w1ZNuSaHwoW8bP3wD2Gq3wf17UO_mJmM5Qn--Vnrp4jxhbV_FIFMWJhwcVnSB-4Wm-1Wok_CZnnW3-RanEy5NS2OGpenBWEolCHB7fo8qJr-x3QogMT2lXaQqCzUO3N0jayw0Ufl-GA5Cxayokd4bkdk6iThw=w120-h179,https://lh3.googleusercontent.com/docs/ADP-6oH5jTyzXTlAd70kc_KRay_DaGkrnZoacJ1Gyo7meKYLpa5C4oymSzeQObfRBxz8pm0vIehBzTO3u7RmoZXcf2OMdOerTLn4iWxVD6C88n6AKSJ9oHK9e49rRE4DIELg5O2uz6hJtMzvMK4rWQvPalxVwZjEUkc5jvSLo1F5ORBR5qwtrmVltVWifjQ865Lcp5z_oMJ5TzHUZVVk7owycFA4EOHjuiHVVPZ3FfZqMDRzLc0zy0u-1zDQQ3Pakl287DeftkmW7eQM8mi9cb3NqTUPYafOASQbDsoZ1OnB3QJHtLVSNjzVw9m5iLbfeUd7v-9z9F2412yxK9uDL_QxhiNHEEuQTsJUxoj5dbDVYMzkc89Js7I1yliBVCfuZMvpuN2E20BKWdZP0fbZTP9VtS-F_EuJI9BeUn48CDalIl7bvRmBnAdm3RLjsU_M7ZSWpaJsUk2_M1X8sGS1pVZzRf2dsKGKbq3EZPwwMfiXDI6AK2MADuSW_0rLDSZxzqzdzy_xBcMbQVbtwHbDghn9pNlW4A2BJo0PbrXGx1Tu1iuznCOXCyDuIIy9z-oG6AHOglY2zsbrQEx3dKVMeq34xD8iSImFckj3DK7nL5dVnfUs-GDO9Qm2gY-2aoVrmMKRxygi4C2eWVO87x-UviJ2Cw-vYldIPZsEaIE7H9IJvSAUqDR_zNBPiYE3doANjAbdoL1gKaylyViLvzRjblHpwl8lZ42YQoqGtErjE2ll_I2mptjs4MNUiK8DDFS4USYg0mEXtMuopmd987q_Bsl-0Vr9AAoO9WYT9stjSk2slQseNr0DD1R_1EUs6G0g5g58QJVlpoX1okCQ740rd-548GTJjKONoV1TVUdCKo6P-1H47ql1BgUUZm7TvgV_T03wE_xfkG1gbMlGjLVVJnMZ520AxfVykYXaX9__ksLTMnSDNawl3sbzOUsHsuhX4z8xCxAHd-uCiQoktmDf_1uxTYP9tFcWLKVP8yFydo3g16gVrt1kJaIpdQduGx8YALVS-k3lWbQPNrC5_fR3tPGktQWhcA-Dt4zWuvbpx218RpyWqkZF2F9ceaMzane1OA=w120-h179
https://lh3.googleusercontent.com/docs/ADP-6oHSiExu5JSbJ5OAue8HneQisxZ2eucuQVZ-cvtB9W4hNuBpgmzQs6NB45iVM2W5_GWlMrVXStINwwpfBXBCZGpwDKR9DP55lQyUDVNezhhFQMtmqZpxRIa7ktkQMRpzA4jchXu9s556zarfRwGphdWDfT93LoUuVBBu2kZXXb5piH50L01_HOJsjeUU5xK9Rm0YzvWFDhdyE347WWIJkf-FQ0YJ-LMySVNKpOkIPAp48e1272Gmg3tjJubcPgOO2QnrjNd5Cugi-W4HcQdRfTFVMdMN90eBuhjyrlxLXfReG9pnHSXdWkT4Cb_CsxuJv0g1Qo4PJ4K-3dBIdInpLWGCBSVVvMF8rQeAqzY5tN9_Vi8i1kaIXqHkBuwvGB7aMndQKojoQpK-dj8HYe9MhaWka0lWXM-Rdvwr63h_BoCiN9BkNiZZWOEmjitcXbOwAKh_RMixzps5Z152EicxTDps5xNOwpZbKzkZJhezfI8vM2rm6fdKtckCfai15pH6543spy-Yc3lFMndIs8qW2uIxoNKZrL7ysIqcYP9YD3pH0h7Iuwv6gtiW0L0gwoRUTeN-Ef_uz8lDbYeHGKgqNHBcdLeTIUlZI5LQyR7k3w81O5O96zVAnS12guCaqTH7nOmboN6610FFhz845nh2oOsE0vI1sjxVXzDlFR_yBQ2ASdA4-fOqA5OKtJqRWRfr_bDo6ZmQtjwIEbmZ7292GICDbzb8ZY0kfNbFZ9u7nXwvu_WzbASUcQdRnZyKcqymNBqdlI3HP6wBnZycxGcmfRaoxjcRF61-tUswzS9ImM_1J-Yb2lpYOBq1owf2KPqxnpGStITbY1BweDqo6B2vXZbcaW4oO7wRSrEI9zjcNFN2TRrL696VANxbedsF2czncIoFTmShbR8qlRgUZX4ZwNj5dzefyZ_TmOD0OugtVF7ovicG2d9T1FPskz5IMBBkl9853PxISJlcbtC3m57WFBmiPW6VyrUV7I3jY-QkUsLaiRts0dOlGJfEIgMT_VbW897zo2vTQbW-ij3Z9tAerfgL3KStcQD1wJ066366Pu0Dt4JwHH06iHIgtlUGxA=w120-h179,Marianne North,https://en.wikipedia.org/wiki/Marianne_North,"""floral bouquet by""",https://lh3.googleusercontent.com/docs/ADP-6oEvNDb9tXBzCeYpzbSO1hrMdqACCLEzzNS44n4WVUkuWoHGirpN8xoJSyzz32NpxlrdPe3Lzc_DaWJvq5UbGvRvq1xHgssFltsaqNwZnPJa6h_mE-FPv9hj8LrCrVx_h2SenHW-5EYS5IqlOAWgEriTfsxEmXIZ9IjPWXQ_wjpa7tvzHRp_gLFwIrlbAdgFhxtsCJrAQoQ3pWMfeyt2jm6GeTF6l4jpZyGTUJ8CKEufbgIZkcNF94Re6r1VGEzP08PlguuexScO-sEp5yWMBtys4ABxHSwrwgSlBsFPWGfjjlXhMYn2uM3ZEdep_a3Bq8SrwWY8FAhImIaSn-L2mNAAOrxM9molrGkOxeqG_MkCaBlnER8gShMtSZnv-5Dl4eYZIWfJJA7kbKcRiJmSve1XRmTW-k2g_LLAI6qaYOdBNUnwkpbSm63NWtBQWUPOoK4fWnfsB0JI6esnO2JQFmqhHNx-2B0oDDnLMQkYhD2NgbWlv_Amg7kpd5ns5KOsEzYHcTOPiySILS-ad6D-3uoaNV3vTGHm8bqdzqvnNM50RqoSsp_nUQ7GYfNhlSXKulFrMg8BZgNaCg8RQUyPyhbmF-TBTAMwM7t1m2Si9KYajpk_qfMTMNOMRLQCeiMkCYnltxuQVvdHSf5JxGE3zTuV4L9XTfzP-s_6GwUjgTKZf3Q0tSENTUt1FX6f3fe42uvATGxpF9BZE4cRi__XMXLhK-1BsBrH_IcbjldtCrBbeL3oyIfX7mqiszcbzIGwJ9xS7As1wZBH0Diu1HESH-vf7jtfqldN4gbg7x9OWzwZbC4MzEU7Ou_n3F4jOE2BGL_P9QqJtZmONy-SDrRvBtBL5fHg2MXAG1zrzMf6NdENUyAlEPdPENF3jLqYvOpU0RMHE_ppvf-MbsWE9EKleCLeBMDxGzYliCXlESVAtw9JXCQyMLVokm2pflsUecCFdEsnJ3WCAEHMO4OloCt84bMatkLBnXcfk3FgkOYfHoOAqbTfPLMda-8Eddsxnt7MNDAPZyXkYjCs_Zk9B-h-J_t057gYKD4Si0tQsEQAhx--s8uk6Kas6imoJoFy-w=w120-h179,https://lh3.googleusercontent.com/docs/ADP-6oEoSTj1ZfSdPuzGgWhFQxawv5VaTVwKyOJMlGK9FleAHPUyiB05WpV-wa1iosGkSW4kve72e2vzgQn8RM813UWeV9FK6LVXwymDINPJ7D0Jwtp8cADzCj8mzfP0ARIARzlih2aHOVp_m2WijXQSdirjV1ken8qkSvXgVTgHgKgMsgca2-tXx5yzCKkCFasqFmeuwMlwmv7RKq98Kx2evPAYAqAJ8Bq3yCk2c2lL2muPx-fPkG0NdUY9enTjRb33XRC8S_EnaZHMGJ6tGO25x6zx5tGvc9bEn6pZhW_EobNJACqpaGBmjLun-n_i_yli_P_vx5BpzGvdXtugHd2Z0iCbOQkgqN6aeYHpr105WEtUsxbkRcm8pMvLzjDnRWtWvJd0DtDZ-J0vXn7xyfDRna-cOXSvXRU0KUFR9kX4PrQts_br2qtlkWwz__w_Zh6i0cPWjruHWlFs6zahX4uCnBQw_uJlmtDp7IdnatH2SXgGyu4DTuwNDM8MNs0AJJevjWfZbDz2NJGrgj1bAGZxQTUrhBoNCg7RaJKhbrcU4o4EM7BUju2zzQmFJ0I_3awvPIE26IUSTVECgACd-W_6aRtbeGjbN3Wq4tvcgWMo-hI1pIFM_U5qQutBSA1Ir7f5eRF_HM8KkryP4WNA4RNhF3aeYD4mcazccKw2-ixqS7aBzYb1IJwb6wJl0gK6VQ2Voc0HZplXHw29O14KcrcblQo1kLt4pQO8QHLQty23vtjiIUt-znQZVpMsFJkxc1ihAsfN8LK-Wf7gwgwbKFsUVnlvsL-HSJGi64_gpqwQcpOsKN-7FaGpBXMKiiIAwqd4TUWqFuMbr15zRbg757llswl0wX4UK7estY6oGiE38rvnUj-pYKkl921Bgdd1Bd0eAWg4zpEFZVCtEUMqZz5ZY7CEZOiOtWHV9_vxZBr0O8w0MxX95FogPVS06cT7i-pRW1uD0HvIciP9FnwcF3hXzbkeSOh4ZDHw-KmYQ4hTs33f-v_qVZQxEuBPETln9QS1wrOKRVLRtEW6R2qu5mMo5DxxHlwmYYQN8OuDr-tDRzMCAJuv81-PSbB3OJUIUA=w120-h179
https://lh3.googleusercontent.com/docs/ADP-6oGLmo8zzIW8dIojXNDF3DUi9ubg3dl9w74CX2giLPSOY0NSy-7BkXZcwDrRF5KVO_cioiYQJchrQuw7Y_UoDl4lBvEJ5RWwP8rGClKteZcDO1Ci470G6lZ4SN_lG6pVkso0LTYH08bHGVAyqKUARcrms3ojZwn80FqN_CbIwPCdGX2RchYeIykypCsKeCKqMo_Q4tfT6IGX1oDAPENwUkqc2V4i-kVCMXpXDoVFYx56X8-lRq_ufv6Nmwxo7AzO1vHLPPQ-nlsJz7YIq1mxurOVVL8ipFTKFr0jWmBnuEqHMhvkjvg3LOtBB3QmB5oSm6iHyoEfaugFiM58KHejzflwbcpquzVybZHGciYegNnuTdbI6Ai-Le9BNsD6BSOHUqEM_dktJj2ruqtyXwWl84Ijit0FdR6vXXwCs96v4cjGrFbANbWMWmoPOEEiHxD0nb_59r7Xpg3_iJ4w3PqjNdjO_HIvHJJy8vE1jPgSG6XUpfV1VIwN7ngrNGTms6aUoU9ZJfn-FltNoqlSOFuVPo5Euom848RNnciLrshY2V0X6ONXBNkN5TNpq9RlqVKeMZ1qUN9-dor00wOV4lbWupvYwdApwEvfDMJGepmsCNOiS41c8ZwLlkq8IkWT38qRXEYj3rVn7gPSZ4DUsUYfxa8xnGx4rwFVpfPSZ0AngRxax2j0qyOnFBsSpMfS2MUV-h_7192FXikCZJOulhb3BQ_p-nPDrDImvJKWZoFNoYx7xNTXNx1FQyNtcKi1LXas3YdZQGxACtv74ob3_C1RlW97REqyH8I3UQHT4r1LMHVf3JuZcKf9vG87sj9bfPIjkz9ACVqJiinSN7thY1oOpDg41rtJKw0OCwe42_a1_Q9EloanmQpXsB8bhBwy9siuBYBKOKV0cHXQSNC0bQ4Pyar5nC56TJljmZRHmPq2apepWax8ul_11iR-hOhYVA40u_M_N05qDkxNxSsMnNXP3jPkAagWTSRJJXb-mlsW1Fc6r3qdc48KeskaBHgdHqTQh7qZnQ25891_91sRIS2zsyPlIF0NAu7MWzoP8ckPtzpiEg9qsB_oq3bL_cfanw=w120-h179,Abraham Ortelius,https://en.wikipedia.org/wiki/Abraham_Ortelius,"""map by""",https://lh3.googleusercontent.com/docs/ADP-6oEQO6KlSWPfhWpn5ujvdkh1ADJo2vNIhH7qe8LtCCPyrSb2dMDnsUewkxXVC2rw7pwZIf0zy9qFMG8jh1TFIp9b9yAcaT_Mw5aEMlV2HnHbPjV7-baj-1MSl3Xx-sgIhjQjohdGpdtGPaTCJCvw7lUAF4HLr1kRqb53RU5A92bRt8GbxE3ESGwShyg8WB_sYnm9KigBX-Xc8q9NXFi-3z3559eWhEKx5nktBdE1j_MmGCmW3IpqU4AUsQf5bGd9wmDf0WoUZDvHOTszUDFr75bFWSyBUmkCACC4qJtlbNngP_zeOIbWF6Rp6goipuz9Sbf4OQzbW85N4LhI9iSibSTe-DVY7qPZfETlQi0_pjCqzK7BcE11CoSlhiZy_-M1OZpSBeOwUrlyxObtpYkm4hJ0u7s9MAebbMXp75Rpif9nSBPbasYDCnqcOHQeHufl7xPJXiIBY9eMgBfJv1BDTHV-0sKxmL1F70jCmrrReWRSLqGpUwEY4c7sKrnggOxtgdXv3xJp3ysp5dLBejjHZVutlbzKK2d_vcpiy7AqgDUNsAPb_YVDFk7kzVDeJFjzHjwvaR7E_IsX_HP_IAXZts4k02bh_c8VEiWKpJGfMaRzj-zWEPcjczntmBBeFI951M0JqhpXXk4X_9FsNke_ztYR8zlGSWiMhbwcIqESRMM4Z2P7pJqWmozJCpFJK19d5Yifx4pndx2TxQDOwClUVu25VpXRtC4CDJQAnuHYXS2JDjyjy2MvWdazGH2NymquivEp3z-Egb23_zEJFysaolx5TByeI_iGR47NQCyJxFg2xjMvVt2jkh3Cozfoh9DWaUn52P2SL7wy7LgUmhroWSQRc1ugPGSAILbIfkFuwMLyQJ-i88nsVEyp3D6cZ42fgb2Ci3vqSHChOjetbQWekDcRQAotXO-KHD9pA5Lefm5sUZtoSd46csjNGEcG_WuX10zvlp-jsPqtg2vXJoio0IEKGK8nwhds5eUXn8ivn1H_VxMBqVRLqt5BjjrPHeRhUq2Wp-Rh0Ep5UVS6u-_qM9ffc33wX7GuSRH4LgdtSCWdA3CtGAp5j04dyeZAmw=w120-h179,https://lh3.googleusercontent.com/docs/ADP-6oHPR2iXEJKnEUEUwPt-jpVPK_Z4_C55UmLpwebGCvFtwu2S727ghOcnVEtKePGq5TJWs2hV-XKLWXxQVpN2zLvfkAKHUtKQHe0wbiTXaCOPYK7ivl20DBQXMjB59pLiZ0PBs3CvxlUM-t4M5O_muN53Ls19aiEYNS__mLnY0GfXHGazBWdigCOMXOgdlgRRuefgJ4JLd7ULMIEocz-3HclWLPk6UqaXFaWnTFTB-hARByS8SHgcAU5IxmqBTbnvbAPh8f1uC3oQ6AMJIlwI8j9bUuuUjyLYbOX5OxQH6DbK499hzELByZZrjlhmvIb7WXfuz8U43gN3TBYZnOQxlK5IE8TPfNkj37bBOSstQ8ZL4Os-ME_UgyVAyKn3S8I51ucCMGtHKZOejwhJ46rnvK4m-DW8vyemyvE4SMeDGl6OjiOHBtm4rBxFd4x9FpUNWFS-SkDpfBvC0BnIg9QaxnCePp4NSZSaP5a8ENG7Pxyxo98euPaxwRK-1FNawtX_V9oXrtXp7n8-v5C0HWtPzJjC2zLMjFeaW6isiIxuvPsuUt_wSGmWouni1gygomrmqYfnp0QXUrpOo2Pn8Wqgn8Fqrf6UyF9BmxliMGpPqllB4qlZhxLtbVUov9JNKzBVHuHSJ9aBsFjehJ3460s5ayjnWqt6siDtXLKFns6Jrz-fnaTQSFm-u2UgTEMrtF9Uo2u48ym11OspkKxQMCtfQlrNjFrmFKZFHGJzamz1TJoaJYDSQTzL8Syy3d8DmJ8EoEzDUCddEgOQT36fzudp44xkPP9Vojn-bra7tz5EVLjYohet0NHB0XsalbKZHIcDSBDo22dS6rd6MKUrs_m-7D4IXAxgmN3RXNEwPwhmIjx4CcH7QhsfqNOy2Lt-58oRFoRg7-piyBAk78IIElZcTZ1veKa0MEixnJYR9VDdTL-sJ5Bmi75B_r3Xi22qh-cfCHxiBNqWqryQF5reCpYAKy4ERyAHYCJMQepfNluvbbZVqLgiaqpnlYcmODRaOq4o_fa_34aVAX52a5Orp-0--qB_DXX5z80mcBI6yuIMvHVtdgLlcYpjXIIOl-R-hA=w120-h179
https://lh3.googleusercontent.com/docs/ADP-6oGdEvylBJk4f5S4pPoPZXQ7Wg9rA5TJL-0fDkkm-YSwCy1_1Qk2voL146VFOrSjewpzxnQAkrQah8RUJ69UdZrEz1iZj68pUQGIUAuFzmGyClZtOUEhvhdTWAvSeWsRcXLda2owGNdhSlBe34T3RB952d37cXyU-6ZpIqmQV5TfpzoeBXHv_hsY5H2mUZww3UiKBOYxRF5cks4tgRjwyAc4fvvk7xS9H-2A7eKDuyMUvX6Hj4v6uwu7ujCQVE38eqY-lUq1Qsc8bt85ySUKFTlgSyjDsxAQs1Er0f-ZnYP-niNg4u7Sun1Dpl7Yyd7iqvLJMvAsAygjWSLyIlcdxXLHnzynd9ggOTlPGNLrWvKUeP3opaod7yguIaoSJlaiWPDUZqF4109ax1ZCo-I7DwO5TpkH8pJ1CoxWLBwS6euTC5MY7oIbFl3rd3rFIsChzUMj765ycFBlVjVG7gO9stMXImQ47SCVCco8ONQ89CqbN0UKLFywPdMDrTk-FvsH28xwLbbbM9T-KrX0POEIaBDNNf-6Kk9-7_dAW5VeRwuY7XcrL5ZDl-MJ5DAAdYNgxPeb3E2IFCTrRMRgwc1loP0Xmfty9wzKs0CBBQUZ5lTKn3WI6GXqyE7kULmS-vJtrpSXcj7xji-VAl3lNqdoPxp6Dq_4T7pG3bSM5jBjbaAt88U7zGwg3bk-iXGoSYdDmXjai6po387Dt6ahWDOQd_m4ck3IN12nozx78weJwEWldn-ea9XG2bzPh_LMLus9JGKqDfu2knbUzkc8LXUDw5-wwYZE0VW9t2Kk34NqLgSQ2sqEtXxK-2sKwhyIAGEUoYTZy1NL4smUBDW7veRHq7QT6HFA7SVbnPd6AdvoOsfzcj0nQtiRIYeMlxlGSlKbxG6kV8g_MRM9ymF38Qkx4fMStfF5ZwNrRmpD3oTe0YGapZ4-VXMt-ctr9ALukoVuu0ZbnSIGfnm_kqP2YG60qwWPr_z__Uv5KBWbRF0C8XaGYDz3Xr3QS4xkqgqFSXB36lkPaOS3Ck9Y9Qq446IqlpA5Yuv2GuCN2-qZSW0JJqfh2fU_WJvbZ4heY44qzg=w120-h179,Theophile Steinle,https://en.wikipedia.org/wiki/Th%C3%A9ophile_Steinlen,"""cat painting by""",https://lh3.googleusercontent.com/docs/ADP-6oEiD-bbXgazEk1SM7aPLrCekErYer_lBw0jLInA_gRUqr1MQT4rqbseHL2JNlEZm2YwlwAre2n-FNNOvuFB2UggGCblTT9O2pw8HEsNQeWrPJyrkR-bIn9uvhHzg66VLt24hZlbh-WJALksh6lXm4RTOGmDdVFZRrT7445qYJEiPaT8HYVt5wCBVykmcYaodSC2f7kttpMxI-lCqU8hCgOP6lJp9YEtxtgpYh3hDyUyBfaYfXe4aOz2x-Br0pA_DMZyNy-g5XXLy7eHp3QUKIYMJ7nvbH8ONFuFXwyWFnZ3-igVStMdxJGdptRWJ6wNf2IkrFDLKv19JmVpIzIZ7OahUPdWAWjqaA3tHtMOEjMsfx1s5ArCIodXIz4_HAznGMiPYT0scHvBNExd8dXmVU8hTatJLptMefnW9Z6kUKkDADiScR_JXENmM7LEfqpfmTqqmXAcm_pS9nuknAIpIxmIRhcqmt4PUhXU6lfdsqbVXzx7AshuMiDWr3JMfVRpWCAOCVgvQXqZbe2DM_n1rDNB112kcHKyHs5zhXc_1xTuTjZrBXRLJbmK7uYkasuZlk_0CZP-ya166i9tcbBtbJTdIxHJLAgVsQgJx9RquLJz_O0F1ZZq5Ee2K-8lHyme57uEJIPVA6jvN_BwMCAbadyFuLrh1DJYodwcCAFlF4eX_bzgxNmYaIIhi1HAFV8rgsYjkTGyzOaT92llaXjmi63HXvROMjwJRjijtXvHLMQ0xDAFKrrDuLIQPCMOWeQOKbHQh4-iHbPmJNHZxID-UP3Et66Li0gOBrnfz2B4aN6vHClEzc5YF5vK6mlm-1drmbGTOMbREGu2vi0mSTYLxlZsfVdje5H8qFPHsGRkZKqqW4zw3Fm-Yzp3dp2F8MLsrm7mb03iDVXqKYKK9xgVVhDqLQ4vLxp49nM6az3Z_wtXMO-HPVItO4drjJW11ma8l9Hbya3gDPlZQU2D4zx9wOFVMrQrPsafg0SxeQX5mNUZ56ANHNrc3iwPdmhtwqhLbF3OYw4wCAEjxpcd3V0mJ8VC0TQU_Y6Or3vJ3TRqfWMoRnNEaCxYfX4ADfZtSQ=w120-h179,https://lh3.googleusercontent.com/docs/ADP-6oFwEzHWESVw8RsJvVvOH3q6ew-NI6eJIEIW2E4Uk47Hf9yaF7my4WlpUEcFxSV16PFi4W4dZpGduqrb1o5TOpyzE6fYzjo2itt-Vl_6YaiKghf3L_hd2fEI9oRiCLVpnW143qGGTqV6PxGjdQA6fUXtLjkVgWJIWHML_2UnR_J9QIOmQFvhIiSeQQNPN83qZb4vdepeMg0iYE6qvScULqvjIa3fZyzdiE1HEkJ0gM6Y_wR6ZQwG_PKH5D6tS4fileiZWAvU_73pFQY9P-gKyc2Th_L1_yF-MPaMMsM5pMlknoa7k2SoQmZC1y4DyHut3318e51vaFllzSuhNi7dV8nugwdqkzg_EXcbvr8Rhtfcy2ZYBYa27NgZZ5a3ca6YmkutDPF1qNTf5txzVKJRV_c9brffXrHSvI_kkugnZagWsLVXtbxuj7Zrq5RIf4AglRTHB8_SF2TddUbAuYRsNjPTq5HpfAZoSE3_nIOdrvW5IKVjuY-aU_jC9Y2edSfMs8Z3Ls4K_gDIWR4lmLk6etpX2gFT4zftCCLFXekdb4FpTt9yYtHXTU-NqMJmL0LjQkVIt9L-Z2zshRX0Xtp0f8PBMCS0WJhD-39oap6ykArHpkZQOcXWqsQ2IkAyMVoLqD_7cYuSZoXQ6a6mBikSUeUhdex4gffzHw9inihX2Oizx9zlJKTHIq2pXISZ3gMfx3SrOBT2HUPVLloEZ8pIrF6bjmqlBWluYquhR1INA26ZLZj1ntXgHP1y2tQ5LFqCbLomAo-FBEfUilrrO6oXOEOU0G7wkRzOl5NDyGd2cXQ52nvOTq8R3OXxzfXvPkcP27yvY0kwRdz7hhmbGvTwTDNJ5l11TCUHYqw32pbqAU2t7kPEKJ0S1Pvd_2atfy03UWhjq1vcLpeFO4i7EfQp6h7fweIwopYzTTQmLPgCHLuuz64_lnmGE8wRuye_iWeqBwrqwp7l5Nk3ID_giph9Q0EJn9ojHxwMokivqxW2S4NSCCv4vMY3wl3q9xWLV2k8R-TMNe5vviexburYoI2RAUXBQ2UDqy94kvvgP890r6wfN960w3YtfkmWIeLMAg=w120-h179
https://lh3.googleusercontent.com/docs/ADP-6oG9cDiokIUW7mRZKLGon93n5sscVKp25LPR9fePoAc4wSpwHY5vUDA84_6IdHZ1nf71DwOOgkoSoQOJ03H6rSybieIAxmPu0HT5aN9VZvOgJACdWX71ZHrjkH94PHLJH6TarVY1FYK01xaO20j2w_kcbbHNzqqMzLR28u2-9kybgX-GEAy7WtXL_lESY3TAokFd33jk2EoOj6-iAWLNXIRaEY3m-oiH4g1lDFUdSyHGyceSAqLkr_gKAZJr9qouNqBiaQ0s_WlnEmmt1KxSpq3UwDfAD2sAWvQo7my1skQ3PU82n_Yzw_33POkpQzMICq-cblOsX_aiejBQBTN3DlY0BsM_wPbJ-c9uSdQJeEm1iXEObJ0etJ01phJYXhm4RBO5XMHWLQ8eG3w9f0CD8eVYhQXPvmrMq-t-gMpjUhQGFqXqryloibXXgkju_JypzIzxMM3zSPGHrf9x3PU3Whs7U1w9SOfvKMVxOxaojx61_EV29k7bpajv7g5aRw2ahrQ_BYT2-tfSgrmpYodCcZjGnPzUqeCVRbgS-iWAp0Euy7ga4oizk0P7GQneDIpOagD_UqzR2xWsxrtb_yDHrvTVZSO7r6pY7YDCg5Pw8uh6wpACidcdCqIEJrKFpfz_s3ALfiomh8QmtImcZEyUkGB02Gg-NWKs-Z7J73InaPtJYjwa6lf2Q4sKOeHFPSM1dWi6vqcxRPga6WWOdb2yWYD9L4znyefSfR5r3_PZQ8ZldZhr-OHdKdF5uPGB0Ykihjy_vGFnJP6Kelclt7kLBnhIpH1ssMpQzYb0rZGlXfNjlqCcCEcITO_G1xjZU1AkIsFYYPehaYq8Ga5w6l9UKPaQJF2p1L4XaxglRO8h3Lnjk86MNe7X210_u-RGRrZBmOLnUtPMnZoRYuRvlHst2dvh1R27cw0k0pZpUvrttwOUFGuZcQYXxIojWwXlkJjsg_czCvrQTp1D5qocw5vZJmoGUNVlElvCltyR4F1aZUabqzhjtlg9RKhaTVy0AjkNcNmUdHaquoCZbHNwNxC3vwHa52SrHggz_yvqOlWoOLRB5_9iQHmAAqFHbIyYKg=w120-h179,Louis Comfort Tiffany,https://en.wikipedia.org/wiki/Louis_Comfort_Tiffany,"""stained glass by""",https://lh3.googleusercontent.com/docs/ADP-6oEYDc7_XDPjWzjYqCMqWyk2nY8QotY0CbhFxOKThEZWiCs48-OskGgCgtioGvrG-PdvumayHI5xoYo7ozogSMPAf_MsCWVdYNTK3a2T5VXOrFYBUSkDWJymbAwG5yP_l7NKjS8SUrvoJrFPVsEl0C5gp-OX5EKz93KmTzN_aMLnW4k1e5ol_vsEJq7Lk489v4svSqwhyRT30gxg4bSGvEPtnJyEUY5yUyQf-VeWWg8ClPFvHwoJuxhcI5AK_ajibhOf_xYUGnkuZc9pWPM4TB7qEh2ogF9J5B1d_P-dWH_hBb73xkhVF_UiHYBm47RzK4QmoHyjeRzqZoNLCzhOTEC33fVZfVW0PsieFQnoufg6HwZytAyYuxm5e9fA4Zbsxia3zXGHw5e_-oVlRMXox99pw8WGH4Zg5jUjKdPqxKonMVghv9Px7vGZuepfkjuCOcJYPc6qL05DgXMWdzFGHL9KA8d__4lOCVEZf7jG_AzaaIjWy_TKxhQwJQBFdfSNZH2N7yWf-fY293e4M2QOW2kHKAoCKVp-FTO-dLrmCwK2JPoeyctPt3rlXNHN9h6fGmN1kNQUGcnyl4H_-j-hvJLo_WUHpKt5XsiBL7BNpFOHFlOu0lPMxWfxS4zFv4_WcPYTQQyrwPPmXGtiqgdePk7I37QPgMGwYf0HLFGYzIvK9Af9tlVc7D9j_Ilt0HlKEm0FR16Zmd74-1R3CW8qrj2oLbbMr5SwwW_Eam1RQkEBp9B8aR3ramgag0aOZx8JFURtdC8smOcX2ZsCI9LPr-hPAflrNSctsG_sBSDmpjyjKiU35ZIIt69vNxZWKHaMb5nS1TBIqNSrvPNObQKg9r0Z2GTsms6hPlbBAoCX8IJu1xqCOEI5S_-ynrud5UO68clGyvCUmuLr-LuzbcO1k683y2qCpTZCdijRBjb-yjwtHcpy78hx1LvbFBqsMrD2_InpWRRgdsvPLmnmQ4z2RC13Y3jWLbgaigjJNzf2MTS05ecoSBDyvmH8qOH8RH--KhWLyp2nLAdBVnTLyCeiQIVkp5ZMmEi2serRoAniGVNZMbqLZ4Kjroh4lVMxpA=w120-h179,https://lh3.googleusercontent.com/docs/ADP-6oELdedpvL-c-B_nkIZl0TQC6cxLmMyJ-J4lt8S7jFi7qNZso6KbKq4Ew7kX1Y-GI-xjUl9IAgo99QH5Novmt0h9Fl1e419g-QdceDbBEDCmgKtkmHlSumrUxCV7sFsmkvp5tib-Im__-n7nOOrbxdB9wpSBw4xPy7udbb3Txszn4v5x_4pPCuCIJbjmf6EOPAc3gyD9dUW7w3zbIezrma_GS-6RtXSocW2hr5iTqanwmtrkYDK8yjkGGrPSvrUMB2DLlx7Q4plKKRxxy9EzG8KVyIAPVSeXZsDXiUL3Wu0oZ0IBBdYJvtgEJSoGayv5lVR7d14eq4tZfMe-oe7PkaMpNvpmDAuwooBFQpt7NuZzwpQtloNYpguN3jNSGcI6pab_BM5uvBdU2pyw1AWQUqL-jfR72STFuRtUR7Sd1RyqRE0yYFCh6CiK7kQD8gEg9-h_CvwNK68C0OdE7tbihhs9hdf-4mtZTuVLvQ8H9p9Q6pfOd8tf5EvwxaUgyRpH41v_p9J63zSP6MJbOnoUQh6E3RiwzBbE7G-fOXv26jRVURLnb2FBJCnUY_9_Lf4hUokARR1Vx-Ut6ql_b9gZNa0_7JPeq6K8kNOgkEsQO7gI4gSdnYZ3gy-s1nyh6S2Q8U6kr8T7cvnUMHMQ9_k93-P9VFow5HmRGZyJMe4pg1S-OkGAgtMJSrS6SdblY7AZb10u8F7XjDzN_9c0nF6g3rbNTCj1R6UCED1xgk7l5TsqDgzp_MIgwdTuxMQDr4nFHgtD7RT9ebdII1dFOkNHxYyO86CimTgRl4hlcCHwfvdOEwo9HRQQc7F7u3sbTYsR4oofO5qlRXGIKRvZ0RYSWIeSQZWw4AydAvowODmKUuMG881iHap8bdBNMGpfWjlnR9HOvf1JoLNGz4Oe_AGwMPpsPJUrZzvKFs2qNumtTLfp0LbTfhh1e0EJ4GV23Yic9pC6j1HBWN0HnVe3k0i0BAD7qx54J6to_xILyzDHk6yfbwzDE3BBy0UaCg9Ie06v5LrkhwDLu_48Cvuh79Z3YpO-MrGikHPEg_NU6bKpwcHJLVr-6mSthOiKeWy2rg=w120-h179
https://lh3.googleusercontent.com/docs/ADP-6oHrs_P7dkyZAfDalJQssW2j-m6BFjpAQyJ-jaiEiojbmTX-HPaXOQx0Mktlc1iGQailhxnPZi9LW0JUsLPd8zqIHIts5bFjZpiSxJII_Eb1_bs9E-FleewDt5xo64QdH43CNkMWH5_pe0CZjEhuFkWStmTkVlEBekQSHsG9n46zEVXJ2qAdj7crBVN3psmLw7a3o-h39-IQgWTLR_MQvWyC11n_0Tq5wpJzuUYSGokehk52IBvekV2CdOyLWTjaA5QZ_5yGRsyPk7SGgwrGUVvA78L3fGfVMftQbz4fBj4zSV4BS44sCZEoinBP1nQUFbafO9muaOJK3re4--doRwQo8eXjYhh_-PaRmrSUCW75-rzWGKIrJzylSgu2M_9yOq5wvgEfFjWqM9WLF2mkT-UNlUBZyCNAiWQF7S8ATP36K-stU_LKRkDazzeb2X-DsPAcRaVasC_pCW5x7ItDn8WbJXKPxkMLlBUyjpyrL2UY2n-pfYO2g2D_mbKuFzg-B7r6ONt2WVXamHEsYUo3uSZSriicJi0ulvNiJoLmJexJLBUfNakp6jXDnWtoRDI6_Yt2i_akWi_a2CD7Jc2cDuQRT8hidOWLIKMmFuqtzB9LXyUn-iJ0TaZ_tiwNvTvqor-QipmIqH_mE1yYNVcLhZCOyhWyup5uFAOD36Bnh27AgCCnrxZokqNbf10TQhd1YY7ju0H9coYXYsCdTmtL9MB8DRCPOWo1EAtOw58PQR_ooEJZGghjjrcXUzVzR8CIye57JYOjyiZp3dmi3Xn009_o7C2jzVG89Xb3ITyuFL_dCTKCskfIjKY0I-x98plFtlbPWAJaDTVQ7Xh7m1HVd99led7yQINFFKSdMPThk6TUSmAmRnHBP7R5fkxmRwpL-QJUsaBPjIyfxtugZCEtlddCDZ1eAlK60Mk60hO6stN_rjEHEzctAYRBf4n8ATkjZSPk1K05itBj5v02gqxIkmAjRd6N1dwZyersTwe7pwsMTWLOcc1kpQK-SmIzcqkQ-_phwIvrtIX7fzQ2KBR9TUn3YeqkfOCkUPNzcbZJQXyIcnDq3SE8IYxjaFuTag=w120-h179,Rubem Valentim,https://en.wikipedia.org/wiki/Rubem_Valentim,"""symbol drawing by""",https://lh3.googleusercontent.com/docs/ADP-6oEy2y7aSvtf-zup6wk2A7tTCQdiaYybs7esLIH07gsuDsJdX9NOr-L8H4efNJN9WnKbUd95yHgV-JO0S7s41lGnf2oiR4BTc-SEy2pTtOslekvC4Tw1n4IT0D3N9NBsbHfmM0oI0JTsXGUeeFWZC54t_TomXBFOgci6f2XZCp2Rl_KxKG5DoIDR9mUmzqu8phBFvkPUd9Hs3JGkHVOkD3KszUziqrfbdBBZB7xXhLTvMecbbF8gyb713jT00yVBB_xs24ZiI4TkyOYUt-PKEQGo7Neo0BtNpKLYmGDOXfV_wCYT2_iNekrDrLtvft-EeGydIxTvxmCb4sn-jr_bYxZ2jX0qHc7_yqvssDYc_2JgjaQnsXjLw4jXSop79cYOpyX2CctjItLJfCluNeFZd4tl4yRrmVJH0tf9ss0WO6MWLwZT7JwVjPjNGBOYA1HMSbZE0vxc2pgGZNddvP3Uvt8JlcPwyRdELQHGwhNEamtbLGSMkF8t7OlT3CsfD0A8Z7uGJtRar3LPfk8t_gW0urSM86lhcj1szdIYC7A9k30f2-Os1c4i4CXwJiI7BfZoj4NjRqkzRTjyaztkTLawc7IIw_T88GFwxsoXrpE76U1ovzazm99oFx9sp7lLRJlpKyEuDeCluybV8-ecx3iRsxVx6mubx3oYg1YkjC58MrU-6yzKualVkxAPHj1nkwZVSGVMUguPmyVkZg4ca2dTdFVSQyf8bb8RDDEuLKHJZn_lE3SyYbwICZLOaQMPqrKBRYoV0sDF8Ozr36YUOJsTv8qccQDDNJE9gF9bOeFkyB9rDuoacE9uVYPADjTB6Q4Fr9Mgy1qecaBMbD5k2Hkfb4Yc-fmKTIK_zuV51UdbTY9MeHhSY8-UCYnjq_8NaOiecMe0Mpkv0ygnFO7sQ8RCgll44ucpmPMEIwp7iJ4BPBQsTUz0attBLSGBhAT-6ycY4jnoRJrtX2nhNIyUC3LQv3MwtGi_b47AoRrcClUm2cXX2jVkCVRjVOH6jzex-FsVAMQiKaE_RYiLjrnZeQ-7klLz5DSB7YlY_U82qXpSesTAbuLkMBELt2DZOkzUvQ=w120-h179,https://lh3.googleusercontent.com/docs/ADP-6oEMDjKLiRIJ_Mkq5ZMBtpABUaZkZ5ngltA98zgKRfAaz8SotqFcI7sYaRTrmRghae6WnaIrioP_BDNpzgqaeBUydUz5VQ0o1Bwl4EX9OXbWaAjtJnc0QUNRMnhZyYz-iB4HonhyOT9X78f2lkFQN-OrDtPwlceQuPlDUQhP2WwQOKrgSDEtf9aK_E7FasosjG-sP8Ltc_yHm1otTvtYCpsyHn6ALvDL52uCyeR1j3SepfJ0GpM6jXWfB0i7WgcyIKHqUJoGA2o1x_0jGZTWpm3R-gmpsgAlISDAt3oitW_HAJKyqHB4fit3gIAGzGIV38_oL_j2jFL1j5OZGAtn_9Z4BzDOtMNdTZAjttXaK7cSmk_w72TZ_542JJ9hJzDWOrrNi0SVlA7KZN4klFWJTlNEwrMAOMVBPvWR63vY5LY8A-hFyXuQP2NxsVE9Jl4bavb4kV08kQvKfXE8Lh1F5TDcUQ5-Jy7Pk9LUK6BYk9nVopJoK3u2Zp09XvNaABR1nIF2UNupwIgvICjaUEwMWhjYs868u5tjjnu2VFbJbh0_3Q2-YjITwLkvUWh-Yffm9UnC5Iil55uwSs3tLxxshKkugy4Zibkdhhn5jkvHiQcrEZAeK1oPSHtFczQMWnrc0VKRi4XAhtDRIO5LLTiG1U6d73_oNmGcEzTcIIVhLAJXI4PxUcEeHDU1CZ4Oz5cYB_nMKNdIihSOSo49wqp8hogSvEmevFndrzkxPlTPM3HfjonmdTOJqS0_Jo_V6x3_nBMTcYjGzlDReDMbB9tqH_3sRw1RP9ty_NpwWZS1-N3-f2F746DpV5c7loRvJ3tN5o4wsubWZx5BDUNooADmf2Bc-bnamozmTKjEUw3W6jTY7w-Fk1yB7oG7JHxtUQrNZLJOYvoVsyQ3DtORGm_2aoZynlXq8pyhJAYCGgkJqn7pBA-3YDv4OzlgcjILuS8NxnOmuwE_1UaUeqjT1KwCsvxzr7A6QE9hFs07W51a8jiHNoz-rj0KIjHx5LOB4PppEXgo02nBvU286hAk5D4nRL9n2eOut4vUz-AVmjnUVPeN5DUGzC-be0yzKTOx-Q=w120-h179